GISJOIN,YEAR,STUSAB,REGIONA,DIVISIONA,STATEA,COUNTYA,COUSUBA,PLACEA,AIANHHA,ANRCA,CBSAA,CSA,CSAA,METDIVA,NECTAA,CNECTAA,NECTADIVA,UAA,CDCURRA,SDELMA,SDSECA,SDUNIA,PCI,PUMAA,GEOID,NAME_E,I25E001,NAME_M,I25M001
"G102","2010","US",,,,,,,,,,"Albany-Corvallis-Lebanon, OR CSA","102",,,,,,,,,,,,"33000US102","Albany-Corvallis-Lebanon, OR CSA",43557,"Albany-Corvallis-Lebanon, OR CSA",2611
"G104","2010","US",,,,,,,,,,"Albany-Schenectady-Amsterdam, NY CSA","104",,,,,,,,,,,,"33000US104","Albany-Schenectady-Amsterdam, NY CSA",53415,"Albany-Schenectady-Amsterdam, NY CSA",1309
"G112","2010","US",,,,,,,,,,"Ames-Boone, IA CSA","112",,,,,,,,,,,,"33000US112","Ames-Boone, IA CSA",48664,"Ames-Boone, IA CSA",2577
"G118","2010","US",,,,,,,,,,"Appleton-Oshkosh-Neenah, WI CSA","118",,,,,,,,,,,,"33000US118","Appleton-Oshkosh-Neenah, WI CSA",52054,"Appleton-Oshkosh-Neenah, WI CSA",1248
"G120","2010","US",,,,,,,,,,"Asheville-Brevard, NC CSA","120",,,,,,,,,,,,"33000US120","Asheville-Brevard, NC CSA",42081,"Asheville-Brevard, NC CSA",1792
"G122","2010","US",,,,,,,,,,"Atlanta-Sandy Springs-Gainesville, GA-AL CSA","122",,,,,,,,,,,,"33000US122","Atlanta-Sandy Springs-Gainesville, GA-AL CSA",52202,"Atlanta-Sandy Springs-Gainesville, GA-AL CSA",512
"G126","2010","US",,,,,,,,,,"Austin-Round Rock-Marble Falls, TX CSA","126",,,,,,,,,,,,"33000US126","Austin-Round Rock-Marble Falls, TX CSA",55628,"Austin-Round Rock-Marble Falls, TX CSA",991
"G132","2010","US",,,,,,,,,,"Baton Rouge-Pierre Part, LA CSA","132",,,,,,,,,,,,"33000US132","Baton Rouge-Pierre Part, LA CSA",48094,"Baton Rouge-Pierre Part, LA CSA",1607
"G138","2010","US",,,,,,,,,,"Beckley-Oak Hill, WV CSA","138",,,,,,,,,,,,"33000US138","Beckley-Oak Hill, WV CSA",32846,"Beckley-Oak Hill, WV CSA",3076
"G140","2010","US",,,,,,,,,,"Bend-Prineville, OR CSA","140",,,,,,,,,,,,"33000US140","Bend-Prineville, OR CSA",44044,"Bend-Prineville, OR CSA",3579
"G142","2010","US",,,,,,,,,,"Birmingham-Hoover-Cullman, AL CSA","142",,,,,,,,,,,,"33000US142","Birmingham-Hoover-Cullman, AL CSA",43119,"Birmingham-Hoover-Cullman, AL CSA",1288
"G148","2010","US",,,,,,,,,,"Boston-Worcester-Manchester, MA-RI-NH CSA","148",,,,,,,,,,,,"33000US148","Boston-Worcester-Manchester, MA-RI-NH CSA",63051,"Boston-Worcester-Manchester, MA-RI-NH CSA",708
"G154","2010","US",,,,,,,,,,"Brownsville-Harlingen-Raymondville, TX CSA","154",,,,,,,,,,,,"33000US154","Brownsville-Harlingen-Raymondville, TX CSA",31776,"Brownsville-Harlingen-Raymondville, TX CSA",1659
"G160","2010","US",,,,,,,,,,"Buffalo-Niagara-Cattaraugus, NY CSA","160",,,,,,,,,,,,"33000US160","Buffalo-Niagara-Cattaraugus, NY CSA",46123,"Buffalo-Niagara-Cattaraugus, NY CSA",979
"G164","2010","US",,,,,,,,,,"Cape Girardeau-Sikeston-Jackson, MO-IL CSA","164",,,,,,,,,,,,"33000US164","Cape Girardeau-Sikeston-Jackson, MO-IL CSA",40401,"Cape Girardeau-Sikeston-Jackson, MO-IL CSA",2157
"G166","2010","US",,,,,,,,,,"Carbondale-Marion-Herrin, IL CSA","166",,,,,,,,,,,,"33000US166","Carbondale-Marion-Herrin, IL CSA",37905,"Carbondale-Marion-Herrin, IL CSA",2993
"G172","2010","US",,,,,,,,,,"Charlotte-Gastonia-Salisbury, NC-SC CSA","172",,,,,,,,,,,,"33000US172","Charlotte-Gastonia-Salisbury, NC-SC CSA",47494,"Charlotte-Gastonia-Salisbury, NC-SC CSA",808
"G174","2010","US",,,,,,,,,,"Chattanooga-Cleveland-Athens, TN-GA CSA","174",,,,,,,,,,,,"33000US174","Chattanooga-Cleveland-Athens, TN-GA CSA",41202,"Chattanooga-Cleveland-Athens, TN-GA CSA",1157
"G176","2010","US",,,,,,,,,,"Chicago-Naperville-Michigan City, IL-IN-WI CSA","176",,,,,,,,,,,,"33000US176","Chicago-Naperville-Michigan City, IL-IN-WI CSA",56807,"Chicago-Naperville-Michigan City, IL-IN-WI CSA",435
"G178","2010","US",,,,,,,,,,"Cincinnati-Middletown-Wilmington, OH-KY-IN CSA","178",,,,,,,,,,,,"33000US178","Cincinnati-Middletown-Wilmington, OH-KY-IN CSA",51356,"Cincinnati-Middletown-Wilmington, OH-KY-IN CSA",780
"G180","2010","US",,,,,,,,,,"Claremont-Lebanon, NH-VT CSA","180",,,,,,,,,,,,"33000US180","Claremont-Lebanon, NH-VT CSA",50451,"Claremont-Lebanon, NH-VT CSA",2115
"G184","2010","US",,,,,,,,,,"Cleveland-Akron-Elyria, OH CSA","184",,,,,,,,,,,,"33000US184","Cleveland-Akron-Elyria, OH CSA",46021,"Cleveland-Akron-Elyria, OH CSA",598
"G188","2010","US",,,,,,,,,,"Clovis-Portales, NM CSA","188",,,,,,,,,,,,"33000US188","Clovis-Portales, NM CSA",34405,"Clovis-Portales, NM CSA",4200
"G192","2010","US",,,,,,,,,,"Columbia-Newberry, SC CSA","192",,,,,,,,,,,,"33000US192","Columbia-Newberry, SC CSA",45796,"Columbia-Newberry, SC CSA",1377
"G194","2010","US",,,,,,,,,,"Columbus-Auburn-Opelika, GA-AL CSA","194",,,,,,,,,,,,"33000US194","Columbus-Auburn-Opelika, GA-AL CSA",36704,"Columbus-Auburn-Opelika, GA-AL CSA",1554
"G198","2010","US",,,,,,,,,,"Columbus-Marion-Chillicothe, OH CSA","198",,,,,,,,,,,,"33000US198","Columbus-Marion-Chillicothe, OH CSA",50150,"Columbus-Marion-Chillicothe, OH CSA",757
"G200","2010","US",,,,,,,,,,"Columbus-West Point, MS CSA","200",,,,,,,,,,,,"33000US200","Columbus-West Point, MS CSA",32373,"Columbus-West Point, MS CSA",4354
"G202","2010","US",,,,,,,,,,"Corbin-London, KY CSA","202",,,,,,,,,,,,"33000US202","Corbin-London, KY CSA",33337,"Corbin-London, KY CSA",4987
"G204","2010","US",,,,,,,,,,"Corpus Christi-Kingsville, TX CSA","204",,,,,,,,,,,,"33000US204","Corpus Christi-Kingsville, TX CSA",42014,"Corpus Christi-Kingsville, TX CSA",2336
"G206","2010","US",,,,,,,,,,"Dallas-Fort Worth, TX CSA","206",,,,,,,,,,,,"33000US206","Dallas-Fort Worth, TX CSA",53558,"Dallas-Fort Worth, TX CSA",689
"G212","2010","US",,,,,,,,,,"Dayton-Springfield-Greenville, OH CSA","212",,,,,,,,,,,,"33000US212","Dayton-Springfield-Greenville, OH CSA",42966,"Dayton-Springfield-Greenville, OH CSA",1128
"G216","2010","US",,,,,,,,,,"Denver-Aurora-Boulder, CO CSA","216",,,,,,,,,,,,"33000US216","Denver-Aurora-Boulder, CO CSA",58523,"Denver-Aurora-Boulder, CO CSA",1176
"G218","2010","US",,,,,,,,,,"Des Moines-Newton-Pella, IA CSA","218",,,,,,,,,,,,"33000US218","Des Moines-Newton-Pella, IA CSA",53268,"Des Moines-Newton-Pella, IA CSA",1792
"G220","2010","US",,,,,,,,,,"Detroit-Warren-Flint, MI CSA","220",,,,,,,,,,,,"33000US220","Detroit-Warren-Flint, MI CSA",47857,"Detroit-Warren-Flint, MI CSA",524
"G222","2010","US",,,,,,,,,,"Dothan-Enterprise-Ozark, AL CSA","222",,,,,,,,,,,,"33000US222","Dothan-Enterprise-Ozark, AL CSA",39563,"Dothan-Enterprise-Ozark, AL CSA",1422
"G232","2010","US",,,,,,,,,,"Eau Claire-Menomonie, WI CSA","232",,,,,,,,,,,,"33000US232","Eau Claire-Menomonie, WI CSA",45098,"Eau Claire-Menomonie, WI CSA",2195
"G242","2010","US",,,,,,,,,,"Fairmont-Clarksburg, WV CSA","242",,,,,,,,,,,,"33000US242","Fairmont-Clarksburg, WV CSA",39018,"Fairmont-Clarksburg, WV CSA",3632
"G244","2010","US",,,,,,,,,,"Fargo-Wahpeton, ND-MN CSA","244",,,,,,,,,,,,"33000US244","Fargo-Wahpeton, ND-MN CSA",50196,"Fargo-Wahpeton, ND-MN CSA",2338
"G248","2010","US",,,,,,,,,,"Findlay-Tiffin, OH CSA","248",,,,,,,,,,,,"33000US248","Findlay-Tiffin, OH CSA",46788,"Findlay-Tiffin, OH CSA",2721
"G252","2010","US",,,,,,,,,,"Fond du Lac-Beaver Dam, WI CSA","252",,,,,,,,,,,,"33000US252","Fond du Lac-Beaver Dam, WI CSA",50311,"Fond du Lac-Beaver Dam, WI CSA",1864
"G256","2010","US",,,,,,,,,,"Fort Polk South-DeRidder, LA CSA","256",,,,,,,,,,,,"33000US256","Fort Polk South-DeRidder, LA CSA",44429,"Fort Polk South-DeRidder, LA CSA",2890
"G258","2010","US",,,,,,,,,,"Fort Wayne-Huntington-Auburn, IN CSA","258",,,,,,,,,,,,"33000US258","Fort Wayne-Huntington-Auburn, IN CSA",46617,"Fort Wayne-Huntington-Auburn, IN CSA",1248
"G260","2010","US",,,,,,,,,,"Fresno-Madera, CA CSA","260",,,,,,,,,,,,"33000US260","Fresno-Madera, CA CSA",45466,"Fresno-Madera, CA CSA",1287
"G266","2010","US",,,,,,,,,,"Grand Rapids-Muskegon-Holland, MI CSA","266",,,,,,,,,,,,"33000US266","Grand Rapids-Muskegon-Holland, MI CSA",46861,"Grand Rapids-Muskegon-Holland, MI CSA",746
"G268","2010","US",,,,,,,,,,"Greensboro--Winston-Salem--High Point, NC CSA","268",,,,,,,,,,,,"33000US268","Greensboro--Winston-Salem--High Point, NC CSA",41264,"Greensboro--Winston-Salem--High Point, NC CSA",677
"G273","2010","US",,,,,,,,,,"Greenville-Spartanburg-Anderson, SC CSA","273",,,,,,,,,,,,"33000US273","Greenville-Spartanburg-Anderson, SC CSA",41282,"Greenville-Spartanburg-Anderson, SC CSA",947
"G274","2010","US",,,,,,,,,,"Gulfport-Biloxi-Pascagoula, MS CSA","274",,,,,,,,,,,,"33000US274","Gulfport-Biloxi-Pascagoula, MS CSA",42724,"Gulfport-Biloxi-Pascagoula, MS CSA",2397
"G276","2010","US",,,,,,,,,,"Harrisburg-Carlisle-Lebanon, PA CSA","276",,,,,,,,,,,,"33000US276","Harrisburg-Carlisle-Lebanon, PA CSA",53324,"Harrisburg-Carlisle-Lebanon, PA CSA",1765
"G278","2010","US",,,,,,,,,,"Hartford-West Hartford-Willimantic, CT CSA","278",,,,,,,,,,,,"33000US278","Hartford-West Hartford-Willimantic, CT CSA",62814,"Hartford-West Hartford-Willimantic, CT CSA",1559
"G288","2010","US",,,,,,,,,,"Houston-Baytown-Huntsville, TX CSA","288",,,,,,,,,,,,"33000US288","Houston-Baytown-Huntsville, TX CSA",53549,"Houston-Baytown-Huntsville, TX CSA",806
"G290","2010","US",,,,,,,,,,"Huntsville-Decatur, AL CSA","290",,,,,,,,,,,,"33000US290","Huntsville-Decatur, AL CSA",49895,"Huntsville-Decatur, AL CSA",1806
"G292","2010","US",,,,,,,,,,"Idaho Falls-Blackfoot, ID CSA","292",,,,,,,,,,,,"33000US292","Idaho Falls-Blackfoot, ID CSA",48321,"Idaho Falls-Blackfoot, ID CSA",2967
"G294","2010","US",,,,,,,,,,"Indianapolis-Anderson-Columbus, IN CSA","294",,,,,,,,,,,,"33000US294","Indianapolis-Anderson-Columbus, IN CSA",47399,"Indianapolis-Anderson-Columbus, IN CSA",797
"G296","2010","US",,,,,,,,,,"Ithaca-Cortland, NY CSA","296",,,,,,,,,,,,"33000US296","Ithaca-Cortland, NY CSA",48572,"Ithaca-Cortland, NY CSA",3467
"G297","2010","US",,,,,,,,,,"Jackson-Humboldt, TN CSA","297",,,,,,,,,,,,"33000US297","Jackson-Humboldt, TN CSA",38681,"Jackson-Humboldt, TN CSA",2864
"G298","2010","US",,,,,,,,,,"Jackson-Yazoo City, MS CSA","298",,,,,,,,,,,,"33000US298","Jackson-Yazoo City, MS CSA",41834,"Jackson-Yazoo City, MS CSA",1542
"G304","2010","US",,,,,,,,,,"Johnson City-Kingsport-Bristol (Tri-Cities), TN-VA CSA","304",,,,,,,,,,,,"33000US304","Johnson City-Kingsport-Bristol (Tri-Cities), TN-VA CSA",35727,"Johnson City-Kingsport-Bristol (Tri-Cities), TN-VA CSA",1392
"G308","2010","US",,,,,,,,,,"Jonesboro-Paragould, AR CSA","308",,,,,,,,,,,,"33000US308","Jonesboro-Paragould, AR CSA",35231,"Jonesboro-Paragould, AR CSA",1938
"G312","2010","US",,,,,,,,,,"Kansas City-Overland Park-Kansas City, MO-KS CSA","312",,,,,,,,,,,,"33000US312","Kansas City-Overland Park-Kansas City, MO-KS CSA",53354,"Kansas City-Overland Park-Kansas City, MO-KS CSA",1174
"G314","2010","US",,,,,,,,,,"Knoxville-Sevierville-La Follette, TN CSA","314",,,,,,,,,,,,"33000US314","Knoxville-Sevierville-La Follette, TN CSA",40880,"Knoxville-Sevierville-La Follette, TN CSA",1229
"G316","2010","US",,,,,,,,,,"Kokomo-Peru, IN CSA","316",,,,,,,,,,,,"33000US316","Kokomo-Peru, IN CSA",40498,"Kokomo-Peru, IN CSA",3376
"G318","2010","US",,,,,,,,,,"Lafayette-Acadiana, LA CSA","318",,,,,,,,,,,,"33000US318","Lafayette-Acadiana, LA CSA",42223,"Lafayette-Acadiana, LA CSA",2196
"G320","2010","US",,,,,,,,,,"Lafayette-Frankfort, IN CSA","320",,,,,,,,,,,,"33000US320","Lafayette-Frankfort, IN CSA",41621,"Lafayette-Frankfort, IN CSA",2227
"G324","2010","US",,,,,,,,,,"Lake Charles-Jennings, LA CSA","324",,,,,,,,,,,,"33000US324","Lake Charles-Jennings, LA CSA",40177,"Lake Charles-Jennings, LA CSA",2415
"G330","2010","US",,,,,,,,,,"Lansing-East Lansing-Owosso, MI CSA","330",,,,,,,,,,,,"33000US330","Lansing-East Lansing-Owosso, MI CSA",47526,"Lansing-East Lansing-Owosso, MI CSA",1357
"G332","2010","US",,,,,,,,,,"Las Vegas-Paradise-Pahrump, NV CSA","332",,,,,,,,,,,,"33000US332","Las Vegas-Paradise-Pahrump, NV CSA",51006,"Las Vegas-Paradise-Pahrump, NV CSA",843
"G336","2010","US",,,,,,,,,,"Lexington-Fayette--Frankfort--Richmond, KY CSA","336",,,,,,,,,,,,"33000US336","Lexington-Fayette--Frankfort--Richmond, KY CSA",44082,"Lexington-Fayette--Frankfort--Richmond, KY CSA",1835
"G338","2010","US",,,,,,,,,,"Lima-Van Wert-Wapakoneta, OH CSA","338",,,,,,,,,,,,"33000US338","Lima-Van Wert-Wapakoneta, OH CSA",43287,"Lima-Van Wert-Wapakoneta, OH CSA",1883
"G340","2010","US",,,,,,,,,,"Little Rock-North Little Rock-Pine Bluff, AR CSA","340",,,,,,,,,,,,"33000US340","Little Rock-North Little Rock-Pine Bluff, AR CSA",43774,"Little Rock-North Little Rock-Pine Bluff, AR CSA",1496
"G346","2010","US",,,,,,,,,,"Longview-Marshall, TX CSA","346",,,,,,,,,,,,"33000US346","Longview-Marshall, TX CSA",42707,"Longview-Marshall, TX CSA",1712
"G348","2010","US",,,,,,,,,,"Los Angeles-Long Beach-Riverside, CA CSA","348",,,,,,,,,,,,"33000US348","Los Angeles-Long Beach-Riverside, CA CSA",56542,"Los Angeles-Long Beach-Riverside, CA CSA",439
"G350","2010","US",,,,,,,,,,"Louisville/Jefferson County--Elizabethtown--Scottsburg, KY-IN CSA","350",,,,,,,,,,,,"33000US350","Louisville/Jefferson County--Elizabethtown--Scottsburg, KY-IN CSA",44320,"Louisville/Jefferson County--Elizabethtown--Scottsburg, KY-IN CSA",970
"G352","2010","US",,,,,,,,,,"Lubbock-Levelland, TX CSA","352",,,,,,,,,,,,"33000US352","Lubbock-Levelland, TX CSA",42096,"Lubbock-Levelland, TX CSA",2156
"G354","2010","US",,,,,,,,,,"Lumberton-Laurinburg, NC CSA","354",,,,,,,,,,,,"33000US354","Lumberton-Laurinburg, NC CSA",28609,"Lumberton-Laurinburg, NC CSA",3304
"G356","2010","US",,,,,,,,,,"Macon-Warner Robins-Fort Valley, GA CSA","356",,,,,,,,,,,,"33000US356","Macon-Warner Robins-Fort Valley, GA CSA",43503,"Macon-Warner Robins-Fort Valley, GA CSA",4087
"G358","2010","US",,,,,,,,,,"Madison-Baraboo, WI CSA","358",,,,,,,,,,,,"33000US358","Madison-Baraboo, WI CSA",56471,"Madison-Baraboo, WI CSA",1427
"G360","2010","US",,,,,,,,,,"Mansfield-Bucyrus, OH CSA","360",,,,,,,,,,,,"33000US360","Mansfield-Bucyrus, OH CSA",41227,"Mansfield-Bucyrus, OH CSA",1950
"G364","2010","PR",,,,,,,,,,"Mayagüez-San Germán-Cabo Rojo, PR CSA","364",,,,,,,,,,,,"33000US364","Mayagüez-San Germán-Cabo Rojo, PR CSA",15109,"Mayagüez-San Germán-Cabo Rojo, PR CSA",888
"G372","2010","US",,,,,,,,,,"Midland-Odessa, TX CSA","372",,,,,,,,,,,,"33000US372","Midland-Odessa, TX CSA",49443,"Midland-Odessa, TX CSA",3145
"G376","2010","US",,,,,,,,,,"Milwaukee-Racine-Waukesha, WI CSA","376",,,,,,,,,,,,"33000US376","Milwaukee-Racine-Waukesha, WI CSA",50009,"Milwaukee-Racine-Waukesha, WI CSA",881
"G378","2010","US",,,,,,,,,,"Minneapolis-St. Paul-St. Cloud, MN-WI CSA","378",,,,,,,,,,,,"33000US378","Minneapolis-St. Paul-St. Cloud, MN-WI CSA",61452,"Minneapolis-St. Paul-St. Cloud, MN-WI CSA",546
"G380","2010","US",,,,,,,,,,"Mobile-Daphne-Fairhope, AL CSA","380",,,,,,,,,,,,"33000US380","Mobile-Daphne-Fairhope, AL CSA",42685,"Mobile-Daphne-Fairhope, AL CSA",1999
"G384","2010","US",,,,,,,,,,"Monroe-Bastrop, LA CSA","384",,,,,,,,,,,,"33000US384","Monroe-Bastrop, LA CSA",36960,"Monroe-Bastrop, LA CSA",2719
"G388","2010","US",,,,,,,,,,"Montgomery-Alexander City, AL CSA","388",,,,,,,,,,,,"33000US388","Montgomery-Alexander City, AL CSA",43628,"Montgomery-Alexander City, AL CSA",2526
"G396","2010","US",,,,,,,,,,"Myrtle Beach-Conway-Georgetown, SC CSA","396",,,,,,,,,,,,"33000US396","Myrtle Beach-Conway-Georgetown, SC CSA",40521,"Myrtle Beach-Conway-Georgetown, SC CSA",2824
"G400","2010","US",,,,,,,,,,"Nashville-Davidson--Murfreesboro--Columbia, TN CSA","400",,,,,,,,,,,,"33000US400","Nashville-Davidson--Murfreesboro--Columbia, TN CSA",47763,"Nashville-Davidson--Murfreesboro--Columbia, TN CSA",1001
"G406","2010","US",,,,,,,,,,"New Orleans-Metairie-Bogalusa, LA CSA","406",,,,,,,,,,,,"33000US406","New Orleans-Metairie-Bogalusa, LA CSA",45427,"New Orleans-Metairie-Bogalusa, LA CSA",1002
"G408","2010","US",,,,,,,,,,"New York-Newark-Bridgeport, NY-NJ-CT-PA CSA","408",,,,,,,,,,,,"33000US408","New York-Newark-Bridgeport, NY-NJ-CT-PA CSA",62305,"New York-Newark-Bridgeport, NY-NJ-CT-PA CSA",291
"G416","2010","US",,,,,,,,,,"Oklahoma City-Shawnee, OK CSA","416",,,,,,,,,,,,"33000US416","Oklahoma City-Shawnee, OK CSA",45749,"Oklahoma City-Shawnee, OK CSA",914
"G420","2010","US",,,,,,,,,,"Omaha-Council Bluffs-Fremont, NE-IA CSA","420",,,,,,,,,,,,"33000US420","Omaha-Council Bluffs-Fremont, NE-IA CSA",53027,"Omaha-Council Bluffs-Fremont, NE-IA CSA",1318
"G422","2010","US",,,,,,,,,,"Orlando-Deltona-Daytona Beach, FL CSA","422",,,,,,,,,,,,"33000US422","Orlando-Deltona-Daytona Beach, FL CSA",45416,"Orlando-Deltona-Daytona Beach, FL CSA",708
"G424","2010","US",,,,,,,,,,"Paducah-Mayfield, KY-IL CSA","424",,,,,,,,,,,,"33000US424","Paducah-Mayfield, KY-IL CSA",39134,"Paducah-Mayfield, KY-IL CSA",2643
"G426","2010","US",,,,,,,,,,"Peoria-Canton, IL CSA","426",,,,,,,,,,,,"33000US426","Peoria-Canton, IL CSA",49846,"Peoria-Canton, IL CSA",1316
"G428","2010","US",,,,,,,,,,"Philadelphia-Camden-Vineland, PA-NJ-DE-MD CSA","428",,,,,,,,,,,,"33000US428","Philadelphia-Camden-Vineland, PA-NJ-DE-MD CSA",57379,"Philadelphia-Camden-Vineland, PA-NJ-DE-MD CSA",550
"G430","2010","US",,,,,,,,,,"Pittsburgh-New Castle, PA CSA","430",,,,,,,,,,,,"33000US430","Pittsburgh-New Castle, PA CSA",46321,"Pittsburgh-New Castle, PA CSA",813
"G434","2010","PR",,,,,,,,,,"Ponce-Yauco-Coamo, PR CSA","434",,,,,,,,,,,,"33000US434","Ponce-Yauco-Coamo, PR CSA",15954,"Ponce-Yauco-Coamo, PR CSA",740
"G438","2010","US",,,,,,,,,,"Portland-Lewiston-South Portland, ME CSA","438",,,,,,,,,,,,"33000US438","Portland-Lewiston-South Portland, ME CSA",53611,"Portland-Lewiston-South Portland, ME CSA",1904
"G442","2010","US",,,,,,,,,,"Port St. Lucie-Sebastian-Vero Beach, FL CSA","442",,,,,,,,,,,,"33000US442","Port St. Lucie-Sebastian-Vero Beach, FL CSA",42439,"Port St. Lucie-Sebastian-Vero Beach, FL CSA",2000
"G450","2010","US",,,,,,,,,,"Raleigh-Durham-Cary, NC CSA","450",,,,,,,,,,,,"33000US450","Raleigh-Durham-Cary, NC CSA",53427,"Raleigh-Durham-Cary, NC CSA",1565
"G456","2010","US",,,,,,,,,,"Reno-Sparks-Fernley, NV CSA","456",,,,,,,,,,,,"33000US456","Reno-Sparks-Fernley, NV CSA",49836,"Reno-Sparks-Fernley, NV CSA",2694
"G464","2010","US",,,,,,,,,,"Rochester-Batavia-Seneca Falls, NY CSA","464",,,,,,,,,,,,"33000US464","Rochester-Batavia-Seneca Falls, NY CSA",50085,"Rochester-Batavia-Seneca Falls, NY CSA",962
"G466","2010","US",,,,,,,,,,"Rockford-Freeport-Rochelle, IL CSA","466",,,,,,,,,,,,"33000US466","Rockford-Freeport-Rochelle, IL CSA",46719,"Rockford-Freeport-Rochelle, IL CSA",1567
"G472","2010","US",,,,,,,,,,"Sacramento--Arden-Arcade--Yuba City, CA-NV CSA","472",,,,,,,,,,,,"33000US472","Sacramento--Arden-Arcade--Yuba City, CA-NV CSA",55320,"Sacramento--Arden-Arcade--Yuba City, CA-NV CSA",1003
"G474","2010","US",,,,,,,,,,"Saginaw-Bay City-Saginaw Township North, MI CSA","474",,,,,,,,,,,,"33000US474","Saginaw-Bay City-Saginaw Township North, MI CSA",42948,"Saginaw-Bay City-Saginaw Township North, MI CSA",1726
"G476","2010","US",,,,,,,,,,"St. Louis-St. Charles-Farmington, MO-IL CSA","476",,,,,,,,,,,,"33000US476","St. Louis-St. Charles-Farmington, MO-IL CSA",50612,"St. Louis-St. Charles-Farmington, MO-IL CSA",600
"G480","2010","US",,,,,,,,,,"Salisbury-Ocean Pines, MD CSA","480",,,,,,,,,,,,"33000US480","Salisbury-Ocean Pines, MD CSA",52135,"Salisbury-Ocean Pines, MD CSA",2625
"G482","2010","US",,,,,,,,,,"Salt Lake City-Ogden-Clearfield, UT CSA","482",,,,,,,,,,,,"33000US482","Salt Lake City-Ogden-Clearfield, UT CSA",57972,"Salt Lake City-Ogden-Clearfield, UT CSA",994
"G488","2010","US",,,,,,,,,,"San Jose-San Francisco-Oakland, CA CSA","488",,,,,,,,,,,,"33000US488","San Jose-San Francisco-Oakland, CA CSA",72662,"San Jose-San Francisco-Oakland, CA CSA",695
"G490","2010","PR",,,,,,,,,,"San Juan-Caguas-Fajardo, PR CSA","490",,,,,,,,,,,,"33000US490","San Juan-Caguas-Fajardo, PR CSA",20744,"San Juan-Caguas-Fajardo, PR CSA",419
"G492","2010","US",,,,,,,,,,"Santa Fe-Espanola, NM CSA","492",,,,,,,,,,,,"33000US492","Santa Fe-Espanola, NM CSA",44670,"Santa Fe-Espanola, NM CSA",2927
"G494","2010","US",,,,,,,,,,"Sarasota-Bradenton-Punta Gorda, FL CSA","494",,,,,,,,,,,,"33000US494","Sarasota-Bradenton-Punta Gorda, FL CSA",44703,"Sarasota-Bradenton-Punta Gorda, FL CSA",1451
"G496","2010","US",,,,,,,,,,"Savannah-Hinesville-Fort Stewart, GA CSA","496",,,,,,,,,,,,"33000US496","Savannah-Hinesville-Fort Stewart, GA CSA",45549,"Savannah-Hinesville-Fort Stewart, GA CSA",1954
"G500","2010","US",,,,,,,,,,"Seattle-Tacoma-Olympia, WA CSA","500",,,,,,,,,,,,"33000US500","Seattle-Tacoma-Olympia, WA CSA",61832,"Seattle-Tacoma-Olympia, WA CSA",525
"G508","2010","US",,,,,,,,,,"Shreveport-Bossier City-Minden, LA CSA","508",,,,,,,,,,,,"33000US508","Shreveport-Bossier City-Minden, LA CSA",40259,"Shreveport-Bossier City-Minden, LA CSA",2020
"G512","2010","US",,,,,,,,,,"Sioux City-Vermillion, IA-NE-SD CSA","512",,,,,,,,,,,,"33000US512","Sioux City-Vermillion, IA-NE-SD CSA",44253,"Sioux City-Vermillion, IA-NE-SD CSA",2633
"G515","2010","US",,,,,,,,,,"South Bend-Elkhart-Mishawaka, IN-MI CSA","515",,,,,,,,,,,,"33000US515","South Bend-Elkhart-Mishawaka, IN-MI CSA",41836,"South Bend-Elkhart-Mishawaka, IN-MI CSA",850
"G526","2010","US",,,,,,,,,,"Sunbury-Lewisburg-Selinsgrove, PA CSA","526",,,,,,,,,,,,"33000US526","Sunbury-Lewisburg-Selinsgrove, PA CSA",38954,"Sunbury-Lewisburg-Selinsgrove, PA CSA",1963
"G532","2010","US",,,,,,,,,,"Syracuse-Auburn, NY CSA","532",,,,,,,,,,,,"33000US532","Syracuse-Auburn, NY CSA",49597,"Syracuse-Auburn, NY CSA",1178
"G534","2010","US",,,,,,,,,,"Toledo-Fremont, OH CSA","534",,,,,,,,,,,,"33000US534","Toledo-Fremont, OH CSA",41727,"Toledo-Fremont, OH CSA",1130
"G538","2010","US",,,,,,,,,,"Tulsa-Bartlesville, OK CSA","538",,,,,,,,,,,,"33000US538","Tulsa-Bartlesville, OK CSA",44676,"Tulsa-Bartlesville, OK CSA",1312
"G540","2010","US",,,,,,,,,,"Tyler-Jacksonville, TX CSA","540",,,,,,,,,,,,"33000US540","Tyler-Jacksonville, TX CSA",41695,"Tyler-Jacksonville, TX CSA",1701
"G542","2010","US",,,,,,,,,,"Union City-Martin, TN-KY CSA","542",,,,,,,,,,,,"33000US542","Union City-Martin, TN-KY CSA",36585,"Union City-Martin, TN-KY CSA",2673
"G548","2010","US",,,,,,,,,,"Washington-Baltimore-Northern Virginia, DC-MD-VA-WV CSA","548",,,,,,,,,,,,"33000US548","Washington-Baltimore-Northern Virginia, DC-MD-VA-WV CSA",76998,"Washington-Baltimore-Northern Virginia, DC-MD-VA-WV CSA",688
"G554","2010","US",,,,,,,,,,"Wausau-Merrill, WI CSA","554",,,,,,,,,,,,"33000US554","Wausau-Merrill, WI CSA",48101,"Wausau-Merrill, WI CSA",2701
"G556","2010","US",,,,,,,,,,"Wichita-Winfield, KS CSA","556",,,,,,,,,,,,"33000US556","Wichita-Winfield, KS CSA",45785,"Wichita-Winfield, KS CSA",999
"G558","2010","US",,,,,,,,,,"Williamsport-Lock Haven, PA CSA","558",,,,,,,,,,,,"33000US558","Williamsport-Lock Haven, PA CSA",40588,"Williamsport-Lock Haven, PA CSA",2600
"G564","2010","US",,,,,,,,,,"York-Hanover-Gettysburg, PA CSA","564",,,,,,,,,,,,"33000US564","York-Hanover-Gettysburg, PA CSA",56225,"York-Hanover-Gettysburg, PA CSA",2059
"G566","2010","US",,,,,,,,,,"Youngstown-Warren-East Liverpool, OH-PA CSA","566",,,,,,,,,,,,"33000US566","Youngstown-Warren-East Liverpool, OH-PA CSA",38695,"Youngstown-Warren-East Liverpool, OH-PA CSA",1100
