GISJOIN,YEAR,STUSAB,REGIONA,DIVISIONA,STATEA,COUNTYA,COUSUBA,PLACEA,AIANHHA,ANRCA,CBSAA,CSAA,METDIVA,NECTAA,CNECTAA,NECTADIVA,UA,UAA,CDCURRA,SDELMA,SDSECA,SDUNIA,PCI,PUMAA,GEOID,NAME_E,I25E001,NAME_M,I25M001
"G00199","2010","US",,,,,,,,,,,,,,,"Aberdeen--Havre de Grace--Bel Air, MD Urbanized Area","00199",,,,,,,"40000US00199","Aberdeen--Havre de Grace--Bel Air, MD Urbanized Area",66158,"Aberdeen--Havre de Grace--Bel Air, MD Urbanized Area",3352
"G00280","2010","US",,,,,,,,,,,,,,,"Abilene, TX Urbanized Area","00280",,,,,,,"40000US00280","Abilene, TX Urbanized Area",38346,"Abilene, TX Urbanized Area",3142
"G00631","2010","PR",,,,,,,,,,,,,,,"Aguadilla--Isabela--San Sebastián, PR Urbanized Area","00631",,,,,,,"40000US00631","Aguadilla--Isabela--San Sebastián, PR Urbanized Area",14657,"Aguadilla--Isabela--San Sebastián, PR Urbanized Area",888
"G00766","2010","US",,,,,,,,,,,,,,,"Akron, OH Urbanized Area","00766",,,,,,,"40000US00766","Akron, OH Urbanized Area",42047,"Akron, OH Urbanized Area",1145
"G00901","2010","US",,,,,,,,,,,,,,,"Albany, GA Urbanized Area","00901",,,,,,,"40000US00901","Albany, GA Urbanized Area",28407,"Albany, GA Urbanized Area",3985
"G00928","2010","US",,,,,,,,,,,,,,,"Albany, NY Urbanized Area","00928",,,,,,,"40000US00928","Albany, NY Urbanized Area",54534,"Albany, NY Urbanized Area",1603
"G01171","2010","US",,,,,,,,,,,,,,,"Albuquerque, NM Urbanized Area","01171",,,,,,,"40000US01171","Albuquerque, NM Urbanized Area",46842,"Albuquerque, NM Urbanized Area",1296
"G01279","2010","US",,,,,,,,,,,,,,,"Alexandria, LA Urbanized Area","01279",,,,,,,"40000US01279","Alexandria, LA Urbanized Area",35997,"Alexandria, LA Urbanized Area",2358
"G01495","2010","US",,,,,,,,,,,,,,,"Allentown--Bethlehem, PA--NJ Urbanized Area","01495",,,,,,,"40000US01495","Allentown--Bethlehem, PA--NJ Urbanized Area",51858,"Allentown--Bethlehem, PA--NJ Urbanized Area",1337
"G01765","2010","US",,,,,,,,,,,,,,,"Alton, IL Urbanized Area","01765",,,,,,,"40000US01765","Alton, IL Urbanized Area",41940,"Alton, IL Urbanized Area",3988
"G01792","2010","US",,,,,,,,,,,,,,,"Altoona, PA Urbanized Area","01792",,,,,,,"40000US01792","Altoona, PA Urbanized Area",38445,"Altoona, PA Urbanized Area",3048
"G01927","2010","US",,,,,,,,,,,,,,,"Amarillo, TX Urbanized Area","01927",,,,,,,"40000US01927","Amarillo, TX Urbanized Area",43425,"Amarillo, TX Urbanized Area",3311
"G02305","2010","US",,,,,,,,,,,,,,,"Anchorage, AK Urbanized Area","02305",,,,,,,"40000US02305","Anchorage, AK Urbanized Area",66859,"Anchorage, AK Urbanized Area",3750
"G02386","2010","US",,,,,,,,,,,,,,,"Anderson, IN Urbanized Area","02386",,,,,,,"40000US02386","Anderson, IN Urbanized Area",36502,"Anderson, IN Urbanized Area",1626
"G02413","2010","US",,,,,,,,,,,,,,,"Anderson, SC Urbanized Area","02413",,,,,,,"40000US02413","Anderson, SC Urbanized Area",27391,"Anderson, SC Urbanized Area",3609
"G02602","2010","US",,,,,,,,,,,,,,,"Ann Arbor, MI Urbanized Area","02602",,,,,,,"40000US02602","Ann Arbor, MI Urbanized Area",51331,"Ann Arbor, MI Urbanized Area",1691
"G02629","2010","US",,,,,,,,,,,,,,,"Anniston, AL Urbanized Area","02629",,,,,,,"40000US02629","Anniston, AL Urbanized Area",37304,"Anniston, AL Urbanized Area",4725
"G02683","2010","US",,,,,,,,,,,,,,,"Antioch, CA Urbanized Area","02683",,,,,,,"40000US02683","Antioch, CA Urbanized Area",60993,"Antioch, CA Urbanized Area",2813
"G02764","2010","US",,,,,,,,,,,,,,,"Appleton, WI Urbanized Area","02764",,,,,,,"40000US02764","Appleton, WI Urbanized Area",50976,"Appleton, WI Urbanized Area",1186
"G03034","2010","PR",,,,,,,,,,,,,,,"Arecibo, PR Urbanized Area","03034",,,,,,,"40000US03034","Arecibo, PR Urbanized Area",16567,"Arecibo, PR Urbanized Area",1296
"G03358","2010","US",,,,,,,,,,,,,,,"Asheville, NC Urbanized Area","03358",,,,,,,"40000US03358","Asheville, NC Urbanized Area",41004,"Asheville, NC Urbanized Area",2649
"G03763","2010","US",,,,,,,,,,,,,,,"Athens-Clarke County, GA Urbanized Area","03763",,,,,,,"40000US03763","Athens-Clarke County, GA Urbanized Area",36612,"Athens-Clarke County, GA Urbanized Area",2909
"G03817","2010","US",,,,,,,,,,,,,,,"Atlanta, GA Urbanized Area","03817",,,,,,,"40000US03817","Atlanta, GA Urbanized Area",52320,"Atlanta, GA Urbanized Area",687
"G03898","2010","US",,,,,,,,,,,,,,,"Atlantic City, NJ Urbanized Area","03898",,,,,,,"40000US03898","Atlantic City, NJ Urbanized Area",52255,"Atlantic City, NJ Urbanized Area",2646
"G04033","2010","US",,,,,,,,,,,,,,,"Auburn, AL Urbanized Area","04033",,,,,,,"40000US04033","Auburn, AL Urbanized Area",27153,"Auburn, AL Urbanized Area",2806
"G04222","2010","US",,,,,,,,,,,,,,,"Augusta-Richmond County, GA--SC Urbanized Area","04222",,,,,,,"40000US04222","Augusta-Richmond County, GA--SC Urbanized Area",45311,"Augusta-Richmond County, GA--SC Urbanized Area",3016
"G04384","2010","US",,,,,,,,,,,,,,,"Austin, TX Urbanized Area","04384",,,,,,,"40000US04384","Austin, TX Urbanized Area",52312,"Austin, TX Urbanized Area",973
"G04546","2010","US",,,,,,,,,,,,,,,"Avondale, AZ Urbanized Area","04546",,,,,,,"40000US04546","Avondale, AZ Urbanized Area",60016,"Avondale, AZ Urbanized Area",6028
"G04681","2010","US",,,,,,,,,,,,,,,"Bakersfield, CA Urbanized Area","04681",,,,,,,"40000US04681","Bakersfield, CA Urbanized Area",45832,"Bakersfield, CA Urbanized Area",2718
"G04843","2010","US",,,,,,,,,,,,,,,"Baltimore, MD Urbanized Area","04843",,,,,,,"40000US04843","Baltimore, MD Urbanized Area",60979,"Baltimore, MD Urbanized Area",982
"G05167","2010","US",,,,,,,,,,,,,,,"Barnstable Town, MA Urbanized Area","05167",,,,,,,"40000US05167","Barnstable Town, MA Urbanized Area",57643,"Barnstable Town, MA Urbanized Area",4119
"G05680","2010","US",,,,,,,,,,,,,,,"Baton Rouge, LA Urbanized Area","05680",,,,,,,"40000US05680","Baton Rouge, LA Urbanized Area",45655,"Baton Rouge, LA Urbanized Area",2160
"G05707","2010","US",,,,,,,,,,,,,,,"Battle Creek, MI Urbanized Area","05707",,,,,,,"40000US05707","Battle Creek, MI Urbanized Area",39564,"Battle Creek, MI Urbanized Area",3305
"G05869","2010","US",,,,,,,,,,,,,,,"Bay City, MI Urbanized Area","05869",,,,,,,"40000US05869","Bay City, MI Urbanized Area",40891,"Bay City, MI Urbanized Area",3918
"G06058","2010","US",,,,,,,,,,,,,,,"Beaumont, TX Urbanized Area","06058",,,,,,,"40000US06058","Beaumont, TX Urbanized Area",36895,"Beaumont, TX Urbanized Area",3356
"G06652","2010","US",,,,,,,,,,,,,,,"Bellingham, WA Urbanized Area","06652",,,,,,,"40000US06652","Bellingham, WA Urbanized Area",47018,"Bellingham, WA Urbanized Area",4130
"G06868","2010","US",,,,,,,,,,,,,,,"Bend, OR Urbanized Area","06868",,,,,,,"40000US06868","Bend, OR Urbanized Area",42793,"Bend, OR Urbanized Area",5032
"G07705","2010","US",,,,,,,,,,,,,,,"Billings, MT Urbanized Area","07705",,,,,,,"40000US07705","Billings, MT Urbanized Area",45737,"Billings, MT Urbanized Area",4573
"G07732","2010","US",,,,,,,,,,,,,,,"Binghamton, NY--PA Urbanized Area","07732",,,,,,,"40000US07732","Binghamton, NY--PA Urbanized Area",42782,"Binghamton, NY--PA Urbanized Area",2540
"G07786","2010","US",,,,,,,,,,,,,,,"Birmingham, AL Urbanized Area","07786",,,,,,,"40000US07786","Birmingham, AL Urbanized Area",42682,"Birmingham, AL Urbanized Area",1492
"G07921","2010","US",,,,,,,,,,,,,,,"Bismarck, ND Urbanized Area","07921",,,,,,,"40000US07921","Bismarck, ND Urbanized Area",47773,"Bismarck, ND Urbanized Area",6713
"G08380","2010","US",,,,,,,,,,,,,,,"Bloomington, IN Urbanized Area","08380",,,,,,,"40000US08380","Bloomington, IN Urbanized Area",30090,"Bloomington, IN Urbanized Area",4444
"G08407","2010","US",,,,,,,,,,,,,,,"Bloomington--Normal, IL Urbanized Area","08407",,,,,,,"40000US08407","Bloomington--Normal, IL Urbanized Area",54563,"Bloomington--Normal, IL Urbanized Area",3482
"G08785","2010","US",,,,,,,,,,,,,,,"Boise City, ID Urbanized Area","08785",,,,,,,"40000US08785","Boise City, ID Urbanized Area",46528,"Boise City, ID Urbanized Area",1751
"G08974","2010","US",,,,,,,,,,,,,,,"Bonita Springs--Naples, FL Urbanized Area","08974",,,,,,,"40000US08974","Bonita Springs--Naples, FL Urbanized Area",52013,"Bonita Springs--Naples, FL Urbanized Area",3000
"G09271","2010","US",,,,,,,,,,,,,,,"Boston, MA--NH--RI Urbanized Area","09271",,,,,,,"40000US09271","Boston, MA--NH--RI Urbanized Area",66801,"Boston, MA--NH--RI Urbanized Area",790
"G09298","2010","US",,,,,,,,,,,,,,,"Boulder, CO Urbanized Area","09298",,,,,,,"40000US09298","Boulder, CO Urbanized Area",55153,"Boulder, CO Urbanized Area",4403
"G09379","2010","US",,,,,,,,,,,,,,,"Bowling Green, KY Urbanized Area","09379",,,,,,,"40000US09379","Bowling Green, KY Urbanized Area",32718,"Bowling Green, KY Urbanized Area",3662
"G09946","2010","US",,,,,,,,,,,,,,,"Bremerton, WA Urbanized Area","09946",,,,,,,"40000US09946","Bremerton, WA Urbanized Area",52374,"Bremerton, WA Urbanized Area",2230
"G10162","2010","US",,,,,,,,,,,,,,,"Bridgeport--Stamford, CT--NY Urbanized Area","10162",,,,,,,"40000US10162","Bridgeport--Stamford, CT--NY Urbanized Area",72634,"Bridgeport--Stamford, CT--NY Urbanized Area",2510
"G10729","2010","US",,,,,,,,,,,,,,,"Brooksville, FL Urbanized Area","10729",,,,,,,"40000US10729","Brooksville, FL Urbanized Area",35283,"Brooksville, FL Urbanized Area",2720
"G10972","2010","US",,,,,,,,,,,,,,,"Brownsville, TX Urbanized Area","10972",,,,,,,"40000US10972","Brownsville, TX Urbanized Area",29338,"Brownsville, TX Urbanized Area",3064
"G11350","2010","US",,,,,,,,,,,,,,,"Buffalo, NY Urbanized Area","11350",,,,,,,"40000US11350","Buffalo, NY Urbanized Area",44397,"Buffalo, NY Urbanized Area",1406
"G11728","2010","US",,,,,,,,,,,,,,,"Burlington, NC Urbanized Area","11728",,,,,,,"40000US11728","Burlington, NC Urbanized Area",35906,"Burlington, NC Urbanized Area",3222
"G11755","2010","US",,,,,,,,,,,,,,,"Burlington, VT Urbanized Area","11755",,,,,,,"40000US11755","Burlington, VT Urbanized Area",48095,"Burlington, VT Urbanized Area",4662
"G12754","2010","US",,,,,,,,,,,,,,,"Camarillo, CA Urbanized Area","12754",,,,,,,"40000US12754","Camarillo, CA Urbanized Area",79320,"Camarillo, CA Urbanized Area",10037
"G13375","2010","US",,,,,,,,,,,,,,,"Canton, OH Urbanized Area","13375",,,,,,,"40000US13375","Canton, OH Urbanized Area",40793,"Canton, OH Urbanized Area",1677
"G13510","2010","US",,,,,,,,,,,,,,,"Cape Coral, FL Urbanized Area","13510",,,,,,,"40000US13510","Cape Coral, FL Urbanized Area",41167,"Cape Coral, FL Urbanized Area",1307
"G14752","2010","US",,,,,,,,,,,,,,,"Cedar Rapids, IA Urbanized Area","14752",,,,,,,"40000US14752","Cedar Rapids, IA Urbanized Area",50520,"Cedar Rapids, IA Urbanized Area",2023
"G15211","2010","US",,,,,,,,,,,,,,,"Champaign, IL Urbanized Area","15211",,,,,,,"40000US15211","Champaign, IL Urbanized Area",38129,"Champaign, IL Urbanized Area",3304
"G15481","2010","US",,,,,,,,,,,,,,,"Charleston, WV Urbanized Area","15481",,,,,,,"40000US15481","Charleston, WV Urbanized Area",44379,"Charleston, WV Urbanized Area",2411
"G15508","2010","US",,,,,,,,,,,,,,,"Charleston--North Charleston, SC Urbanized Area","15508",,,,,,,"40000US15508","Charleston--North Charleston, SC Urbanized Area",46582,"Charleston--North Charleston, SC Urbanized Area",1817
"G15670","2010","US",,,,,,,,,,,,,,,"Charlotte, NC--SC Urbanized Area","15670",,,,,,,"40000US15670","Charlotte, NC--SC Urbanized Area",52264,"Charlotte, NC--SC Urbanized Area",1191
"G15724","2010","US",,,,,,,,,,,,,,,"Charlottesville, VA Urbanized Area","15724",,,,,,,"40000US15724","Charlottesville, VA Urbanized Area",50749,"Charlottesville, VA Urbanized Area",3541
"G15832","2010","US",,,,,,,,,,,,,,,"Chattanooga, TN--GA Urbanized Area","15832",,,,,,,"40000US15832","Chattanooga, TN--GA Urbanized Area",41992,"Chattanooga, TN--GA Urbanized Area",2023
"G16237","2010","US",,,,,,,,,,,,,,,"Cheyenne, WY Urbanized Area","16237",,,,,,,"40000US16237","Cheyenne, WY Urbanized Area",41662,"Cheyenne, WY Urbanized Area",3244
"G16264","2010","US",,,,,,,,,,,,,,,"Chicago, IL--IN Urbanized Area","16264",,,,,,,"40000US16264","Chicago, IL--IN Urbanized Area",56069,"Chicago, IL--IN Urbanized Area",460
"G16318","2010","US",,,,,,,,,,,,,,,"Chico, CA Urbanized Area","16318",,,,,,,"40000US16318","Chico, CA Urbanized Area",43973,"Chico, CA Urbanized Area",3049
"G16885","2010","US",,,,,,,,,,,,,,,"Cincinnati, OH--KY--IN Urbanized Area","16885",,,,,,,"40000US16885","Cincinnati, OH--KY--IN Urbanized Area",50090,"Cincinnati, OH--KY--IN Urbanized Area",1108
"G17317","2010","US",,,,,,,,,,,,,,,"Clarksville, TN--KY Urbanized Area","17317",,,,,,,"40000US17317","Clarksville, TN--KY Urbanized Area",40870,"Clarksville, TN--KY Urbanized Area",1968
"G17668","2010","US",,,,,,,,,,,,,,,"Cleveland, OH Urbanized Area","17668",,,,,,,"40000US17668","Cleveland, OH Urbanized Area",45358,"Cleveland, OH Urbanized Area",818
"G18451","2010","US",,,,,,,,,,,,,,,"Coeur d'Alene, ID Urbanized Area","18451",,,,,,,"40000US18451","Coeur d'Alene, ID Urbanized Area",38547,"Coeur d'Alene, ID Urbanized Area",3338
"G18748","2010","US",,,,,,,,,,,,,,,"College Station--Bryan, TX Urbanized Area","18748",,,,,,,"40000US18748","College Station--Bryan, TX Urbanized Area",28554,"College Station--Bryan, TX Urbanized Area",2691
"G18856","2010","US",,,,,,,,,,,,,,,"Colorado Springs, CO Urbanized Area","18856",,,,,,,"40000US18856","Colorado Springs, CO Urbanized Area",48325,"Colorado Springs, CO Urbanized Area",1858
"G18937","2010","US",,,,,,,,,,,,,,,"Columbia, MO Urbanized Area","18937",,,,,,,"40000US18937","Columbia, MO Urbanized Area",34562,"Columbia, MO Urbanized Area",3558
"G18964","2010","US",,,,,,,,,,,,,,,"Columbia, SC Urbanized Area","18964",,,,,,,"40000US18964","Columbia, SC Urbanized Area",45725,"Columbia, SC Urbanized Area",1605
"G19099","2010","US",,,,,,,,,,,,,,,"Columbus, GA--AL Urbanized Area","19099",,,,,,,"40000US19099","Columbus, GA--AL Urbanized Area",34137,"Columbus, GA--AL Urbanized Area",1692
"G19234","2010","US",,,,,,,,,,,,,,,"Columbus, OH Urbanized Area","19234",,,,,,,"40000US19234","Columbus, OH Urbanized Area",49139,"Columbus, OH Urbanized Area",1261
"G19504","2010","US",,,,,,,,,,,,,,,"Concord, CA Urbanized Area","19504",,,,,,,"40000US19504","Concord, CA Urbanized Area",91009,"Concord, CA Urbanized Area",3170
"G19558","2010","US",,,,,,,,,,,,,,,"Concord, NC Urbanized Area","19558",,,,,,,"40000US19558","Concord, NC Urbanized Area",41727,"Concord, NC Urbanized Area",2590
"G20287","2010","US",,,,,,,,,,,,,,,"Corpus Christi, TX Urbanized Area","20287",,,,,,,"40000US20287","Corpus Christi, TX Urbanized Area",42687,"Corpus Christi, TX Urbanized Area",3153
"G22042","2010","US",,,,,,,,,,,,,,,"Dallas--Fort Worth--Arlington, TX Urbanized Area","22042",,,,,,,"40000US22042","Dallas--Fort Worth--Arlington, TX Urbanized Area",50960,"Dallas--Fort Worth--Arlington, TX Urbanized Area",496
"G22069","2010","US",,,,,,,,,,,,,,,"Dalton, GA Urbanized Area","22069",,,,,,,"40000US22069","Dalton, GA Urbanized Area",37550,"Dalton, GA Urbanized Area",3804
"G22096","2010","US",,,,,,,,,,,,,,,"Danbury, CT--NY Urbanized Area","22096",,,,,,,"40000US22096","Danbury, CT--NY Urbanized Area",70426,"Danbury, CT--NY Urbanized Area",4973
"G22366","2010","US",,,,,,,,,,,,,,,"Davenport, IA--IL Urbanized Area","22366",,,,,,,"40000US22366","Davenport, IA--IL Urbanized Area",43083,"Davenport, IA--IL Urbanized Area",2360
"G22420","2010","US",,,,,,,,,,,,,,,"Davis, CA Urbanized Area","22420",,,,,,,"40000US22420","Davis, CA Urbanized Area",53313,"Davis, CA Urbanized Area",15188
"G22528","2010","US",,,,,,,,,,,,,,,"Dayton, OH Urbanized Area","22528",,,,,,,"40000US22528","Dayton, OH Urbanized Area",42180,"Dayton, OH Urbanized Area",1307
"G22636","2010","US",,,,,,,,,,,,,,,"Daytona Beach--Port Orange, FL Urbanized Area","22636",,,,,,,"40000US22636","Daytona Beach--Port Orange, FL Urbanized Area",37859,"Daytona Beach--Port Orange, FL Urbanized Area",2075
"G22717","2010","US",,,,,,,,,,,,,,,"Decatur, IL Urbanized Area","22717",,,,,,,"40000US22717","Decatur, IL Urbanized Area",36841,"Decatur, IL Urbanized Area",3279
"G23311","2010","US",,,,,,,,,,,,,,,"Deltona, FL Urbanized Area","23311",,,,,,,"40000US23311","Deltona, FL Urbanized Area",45799,"Deltona, FL Urbanized Area",4022
"G23500","2010","US",,,,,,,,,,,,,,,"Denton--Lewisville, TX Urbanized Area","23500",,,,,,,"40000US23500","Denton--Lewisville, TX Urbanized Area",65618,"Denton--Lewisville, TX Urbanized Area",2193
"G23527","2010","US",,,,,,,,,,,,,,,"Denver--Aurora, CO Urbanized Area","23527",,,,,,,"40000US23527","Denver--Aurora, CO Urbanized Area",54206,"Denver--Aurora, CO Urbanized Area",1168
"G23743","2010","US",,,,,,,,,,,,,,,"Des Moines, IA Urbanized Area","23743",,,,,,,"40000US23743","Des Moines, IA Urbanized Area",52013,"Des Moines, IA Urbanized Area",1406
"G23824","2010","US",,,,,,,,,,,,,,,"Detroit, MI Urbanized Area","23824",,,,,,,"40000US23824","Detroit, MI Urbanized Area",46684,"Detroit, MI Urbanized Area",531
"G24472","2010","US",,,,,,,,,,,,,,,"Dothan, AL Urbanized Area","24472",,,,,,,"40000US24472","Dothan, AL Urbanized Area",36563,"Dothan, AL Urbanized Area",2136
"G24580","2010","US",,,,,,,,,,,,,,,"Dover, DE Urbanized Area","24580",,,,,,,"40000US24580","Dover, DE Urbanized Area",51594,"Dover, DE Urbanized Area",9038
"G24607","2010","US",,,,,,,,,,,,,,,"Dover--Rochester, NH--ME Urbanized Area","24607",,,,,,,"40000US24607","Dover--Rochester, NH--ME Urbanized Area",48750,"Dover--Rochester, NH--ME Urbanized Area",3909
"G24823","2010","US",,,,,,,,,,,,,,,"Dubuque, IA--IL Urbanized Area","24823",,,,,,,"40000US24823","Dubuque, IA--IL Urbanized Area",44312,"Dubuque, IA--IL Urbanized Area",2652
"G24850","2010","US",,,,,,,,,,,,,,,"Duluth, MN--WI Urbanized Area","24850",,,,,,,"40000US24850","Duluth, MN--WI Urbanized Area",38356,"Duluth, MN--WI Urbanized Area",2663
"G25228","2010","US",,,,,,,,,,,,,,,"Durham, NC Urbanized Area","25228",,,,,,,"40000US25228","Durham, NC Urbanized Area",45483,"Durham, NC Urbanized Area",1434
"G26038","2010","US",,,,,,,,,,,,,,,"Eau Claire, WI Urbanized Area","26038",,,,,,,"40000US26038","Eau Claire, WI Urbanized Area",41015,"Eau Claire, WI Urbanized Area",1653
"G26794","2010","US",,,,,,,,,,,,,,,"Elkhart, IN--MI Urbanized Area","26794",,,,,,,"40000US26794","Elkhart, IN--MI Urbanized Area",37841,"Elkhart, IN--MI Urbanized Area",3084
"G27118","2010","US",,,,,,,,,,,,,,,"Elmira, NY Urbanized Area","27118",,,,,,,"40000US27118","Elmira, NY Urbanized Area",42221,"Elmira, NY Urbanized Area",5747
"G27253","2010","US",,,,,,,,,,,,,,,"El Paso, TX--NM Urbanized Area","27253",,,,,,,"40000US27253","El Paso, TX--NM Urbanized Area",33776,"El Paso, TX--NM Urbanized Area",1781
"G27766","2010","US",,,,,,,,,,,,,,,"Erie, PA Urbanized Area","27766",,,,,,,"40000US27766","Erie, PA Urbanized Area",40890,"Erie, PA Urbanized Area",1571
"G28117","2010","US",,,,,,,,,,,,,,,"Eugene, OR Urbanized Area","28117",,,,,,,"40000US28117","Eugene, OR Urbanized Area",38571,"Eugene, OR Urbanized Area",2373
"G28333","2010","US",,,,,,,,,,,,,,,"Evansville, IN--KY Urbanized Area","28333",,,,,,,"40000US28333","Evansville, IN--KY Urbanized Area",40336,"Evansville, IN--KY Urbanized Area",2304
"G28657","2010","US",,,,,,,,,,,,,,,"Fairfield, CA Urbanized Area","28657",,,,,,,"40000US28657","Fairfield, CA Urbanized Area",58258,"Fairfield, CA Urbanized Area",4202
"G28981","2010","PR",,,,,,,,,,,,,,,"Fajardo, PR Urbanized Area","28981",,,,,,,"40000US28981","Fajardo, PR Urbanized Area",18569,"Fajardo, PR Urbanized Area",1884
"G29089","2010","US",,,,,,,,,,,,,,,"Fargo, ND--MN Urbanized Area","29089",,,,,,,"40000US29089","Fargo, ND--MN Urbanized Area",43925,"Fargo, ND--MN Urbanized Area",2891
"G29440","2010","US",,,,,,,,,,,,,,,"Fayetteville, NC Urbanized Area","29440",,,,,,,"40000US29440","Fayetteville, NC Urbanized Area",42377,"Fayetteville, NC Urbanized Area",1632
"G29494","2010","US",,,,,,,,,,,,,,,"Fayetteville--Springdale, AR Urbanized Area","29494",,,,,,,"40000US29494","Fayetteville--Springdale, AR Urbanized Area",39612,"Fayetteville--Springdale, AR Urbanized Area",2753
"G29818","2010","US",,,,,,,,,,,,,,,"Flagstaff, AZ Urbanized Area","29818",,,,,,,"40000US29818","Flagstaff, AZ Urbanized Area",43037,"Flagstaff, AZ Urbanized Area",5588
"G29872","2010","US",,,,,,,,,,,,,,,"Flint, MI Urbanized Area","29872",,,,,,,"40000US29872","Flint, MI Urbanized Area",35410,"Flint, MI Urbanized Area",1774
"G29953","2010","US",,,,,,,,,,,,,,,"Florence, AL Urbanized Area","29953",,,,,,,"40000US29953","Florence, AL Urbanized Area",32181,"Florence, AL Urbanized Area",3924
"G30061","2010","US",,,,,,,,,,,,,,,"Florence, SC Urbanized Area","30061",,,,,,,"40000US30061","Florence, SC Urbanized Area",43316,"Florence, SC Urbanized Area",3419
"G30115","2010","PR",,,,,,,,,,,,,,,"Florida--Barceloneta--Bajadero, PR Urbanized Area","30115",,,,,,,"40000US30115","Florida--Barceloneta--Bajadero, PR Urbanized Area",17471,"Florida--Barceloneta--Bajadero, PR Urbanized Area",1990
"G30628","2010","US",,,,,,,,,,,,,,,"Fort Collins, CO Urbanized Area","30628",,,,,,,"40000US30628","Fort Collins, CO Urbanized Area",46861,"Fort Collins, CO Urbanized Area",2885
"G30925","2010","US",,,,,,,,,,,,,,,"Fort Smith, AR--OK Urbanized Area","30925",,,,,,,"40000US30925","Fort Smith, AR--OK Urbanized Area",36883,"Fort Smith, AR--OK Urbanized Area",2543
"G31060","2010","US",,,,,,,,,,,,,,,"Fort Walton Beach, FL Urbanized Area","31060",,,,,,,"40000US31060","Fort Walton Beach, FL Urbanized Area",52742,"Fort Walton Beach, FL Urbanized Area",2358
"G31087","2010","US",,,,,,,,,,,,,,,"Fort Wayne, IN Urbanized Area","31087",,,,,,,"40000US31087","Fort Wayne, IN Urbanized Area",43951,"Fort Wayne, IN Urbanized Area",1541
"G31519","2010","US",,,,,,,,,,,,,,,"Frederick, MD Urbanized Area","31519",,,,,,,"40000US31519","Frederick, MD Urbanized Area",78860,"Frederick, MD Urbanized Area",4837
"G31600","2010","US",,,,,,,,,,,,,,,"Fredericksburg, VA Urbanized Area","31600",,,,,,,"40000US31600","Fredericksburg, VA Urbanized Area",64542,"Fredericksburg, VA Urbanized Area",4998
"G31843","2010","US",,,,,,,,,,,,,,,"Fresno, CA Urbanized Area","31843",,,,,,,"40000US31843","Fresno, CA Urbanized Area",43636,"Fresno, CA Urbanized Area",2136
"G32167","2010","US",,,,,,,,,,,,,,,"Gainesville, FL Urbanized Area","32167",,,,,,,"40000US32167","Gainesville, FL Urbanized Area",36320,"Gainesville, FL Urbanized Area",2326
"G32194","2010","US",,,,,,,,,,,,,,,"Gainesville, GA Urbanized Area","32194",,,,,,,"40000US32194","Gainesville, GA Urbanized Area",45147,"Gainesville, GA Urbanized Area",5018
"G32653","2010","US",,,,,,,,,,,,,,,"Gastonia, NC Urbanized Area","32653",,,,,,,"40000US32653","Gastonia, NC Urbanized Area",36827,"Gastonia, NC Urbanized Area",2935
"G33328","2010","US",,,,,,,,,,,,,,,"Gilroy--Morgan Hill, CA Urbanized Area","33328",,,,,,,"40000US33328","Gilroy--Morgan Hill, CA Urbanized Area",73726,"Gilroy--Morgan Hill, CA Urbanized Area",7861
"G34273","2010","US",,,,,,,,,,,,,,,"Grand Junction, CO Urbanized Area","34273",,,,,,,"40000US34273","Grand Junction, CO Urbanized Area",41907,"Grand Junction, CO Urbanized Area",4882
"G34300","2010","US",,,,,,,,,,,,,,,"Grand Rapids, MI Urbanized Area","34300",,,,,,,"40000US34300","Grand Rapids, MI Urbanized Area",45170,"Grand Rapids, MI Urbanized Area",1451
"G34759","2010","US",,,,,,,,,,,,,,,"Great Falls, MT Urbanized Area","34759",,,,,,,"40000US34759","Great Falls, MT Urbanized Area",40657,"Great Falls, MT Urbanized Area",1784
"G34786","2010","US",,,,,,,,,,,,,,,"Greeley, CO Urbanized Area","34786",,,,,,,"40000US34786","Greeley, CO Urbanized Area",39825,"Greeley, CO Urbanized Area",4655
"G34813","2010","US",,,,,,,,,,,,,,,"Green Bay, WI Urbanized Area","34813",,,,,,,"40000US34813","Green Bay, WI Urbanized Area",47032,"Green Bay, WI Urbanized Area",2665
"G35164","2010","US",,,,,,,,,,,,,,,"Greensboro, NC Urbanized Area","35164",,,,,,,"40000US35164","Greensboro, NC Urbanized Area",40927,"Greensboro, NC Urbanized Area",1387
"G35380","2010","US",,,,,,,,,,,,,,,"Greenville, NC Urbanized Area","35380",,,,,,,"40000US35380","Greenville, NC Urbanized Area",35924,"Greenville, NC Urbanized Area",5489
"G35461","2010","US",,,,,,,,,,,,,,,"Greenville, SC Urbanized Area","35461",,,,,,,"40000US35461","Greenville, SC Urbanized Area",38775,"Greenville, SC Urbanized Area",2077
"G35866","2010","PR",,,,,,,,,,,,,,,"Guayama, PR Urbanized Area","35866",,,,,,,"40000US35866","Guayama, PR Urbanized Area",18821,"Guayama, PR Urbanized Area",1724
"G35920","2010","US",,,,,,,,,,,,,,,"Gulfport--Biloxi, MS Urbanized Area","35920",,,,,,,"40000US35920","Gulfport--Biloxi, MS Urbanized Area",41232,"Gulfport--Biloxi, MS Urbanized Area",1791
"G36190","2010","US",,,,,,,,,,,,,,,"Hagerstown, MD--WV--PA Urbanized Area","36190",,,,,,,"40000US36190","Hagerstown, MD--WV--PA Urbanized Area",41444,"Hagerstown, MD--WV--PA Urbanized Area",3083
"G36703","2010","US",,,,,,,,,,,,,,,"Hanford, CA Urbanized Area","36703",,,,,,,"40000US36703","Hanford, CA Urbanized Area",50722,"Hanford, CA Urbanized Area",6918
"G36892","2010","US",,,,,,,,,,,,,,,"Harlingen, TX Urbanized Area","36892",,,,,,,"40000US36892","Harlingen, TX Urbanized Area",31549,"Harlingen, TX Urbanized Area",3466
"G37081","2010","US",,,,,,,,,,,,,,,"Harrisburg, PA Urbanized Area","37081",,,,,,,"40000US37081","Harrisburg, PA Urbanized Area",55255,"Harrisburg, PA Urbanized Area",2345
"G37162","2010","US",,,,,,,,,,,,,,,"Harrisonburg, VA Urbanized Area","37162",,,,,,,"40000US37162","Harrisonburg, VA Urbanized Area",42738,"Harrisonburg, VA Urbanized Area",3843
"G37243","2010","US",,,,,,,,,,,,,,,"Hartford, CT Urbanized Area","37243",,,,,,,"40000US37243","Hartford, CT Urbanized Area",57652,"Hartford, CT Urbanized Area",1763
"G37594","2010","US",,,,,,,,,,,,,,,"Hattiesburg, MS Urbanized Area","37594",,,,,,,"40000US37594","Hattiesburg, MS Urbanized Area",32700,"Hattiesburg, MS Urbanized Area",8591
"G38215","2010","US",,,,,,,,,,,,,,,"Hemet, CA Urbanized Area","38215",,,,,,,"40000US38215","Hemet, CA Urbanized Area",33242,"Hemet, CA Urbanized Area",3829
"G38647","2010","US",,,,,,,,,,,,,,,"Hickory, NC Urbanized Area","38647",,,,,,,"40000US38647","Hickory, NC Urbanized Area",38491,"Hickory, NC Urbanized Area",2486
"G38809","2010","US",,,,,,,,,,,,,,,"High Point, NC Urbanized Area","38809",,,,,,,"40000US38809","High Point, NC Urbanized Area",34349,"High Point, NC Urbanized Area",3583
"G38836","2010","US",,,,,,,,,,,,,,,"Hightstown, NJ Urbanized Area","38836",,,,,,,"40000US38836","Hightstown, NJ Urbanized Area",82118,"Hightstown, NJ Urbanized Area",11408
"G39430","2010","US",,,,,,,,,,,,,,,"Holland, MI Urbanized Area","39430",,,,,,,"40000US39430","Holland, MI Urbanized Area",45005,"Holland, MI Urbanized Area",2349
"G39889","2010","US",,,,,,,,,,,,,,,"Honolulu, HI Urbanized Area","39889",,,,,,,"40000US39889","Honolulu, HI Urbanized Area",65575,"Honolulu, HI Urbanized Area",2345
"G40375","2010","US",,,,,,,,,,,,,,,"Houma, LA Urbanized Area","40375",,,,,,,"40000US40375","Houma, LA Urbanized Area",46530,"Houma, LA Urbanized Area",3540
"G40429","2010","US",,,,,,,,,,,,,,,"Houston, TX Urbanized Area","40429",,,,,,,"40000US40429","Houston, TX Urbanized Area",50913,"Houston, TX Urbanized Area",504
"G40753","2010","US",,,,,,,,,,,,,,,"Huntington, WV--KY--OH Urbanized Area","40753",,,,,,,"40000US40753","Huntington, WV--KY--OH Urbanized Area",33877,"Huntington, WV--KY--OH Urbanized Area",3128
"G40780","2010","US",,,,,,,,,,,,,,,"Huntsville, AL Urbanized Area","40780",,,,,,,"40000US40780","Huntsville, AL Urbanized Area",51359,"Huntsville, AL Urbanized Area",1975
"G40996","2010","US",,,,,,,,,,,,,,,"Idaho Falls, ID Urbanized Area","40996",,,,,,,"40000US40996","Idaho Falls, ID Urbanized Area",46846,"Idaho Falls, ID Urbanized Area",4563
"G41212","2010","US",,,,,,,,,,,,,,,"Indianapolis, IN Urbanized Area","41212",,,,,,,"40000US41212","Indianapolis, IN Urbanized Area",45639,"Indianapolis, IN Urbanized Area",1115
"G41347","2010","US",,,,,,,,,,,,,,,"Indio--Cathedral City--Palm Springs, CA Urbanized Area","41347",,,,,,,"40000US41347","Indio--Cathedral City--Palm Springs, CA Urbanized Area",46899,"Indio--Cathedral City--Palm Springs, CA Urbanized Area",2470
"G41590","2010","US",,,,,,,,,,,,,,,"Iowa City, IA Urbanized Area","41590",,,,,,,"40000US41590","Iowa City, IA Urbanized Area",42550,"Iowa City, IA Urbanized Area",5536
"G42157","2010","US",,,,,,,,,,,,,,,"Jackson, MI Urbanized Area","42157",,,,,,,"40000US42157","Jackson, MI Urbanized Area",31466,"Jackson, MI Urbanized Area",3043
"G42211","2010","US",,,,,,,,,,,,,,,"Jackson, MS Urbanized Area","42211",,,,,,,"40000US42211","Jackson, MS Urbanized Area",40565,"Jackson, MS Urbanized Area",2000
"G42265","2010","US",,,,,,,,,,,,,,,"Jackson, TN Urbanized Area","42265",,,,,,,"40000US42265","Jackson, TN Urbanized Area",36988,"Jackson, TN Urbanized Area",5179
"G42346","2010","US",,,,,,,,,,,,,,,"Jacksonville, FL Urbanized Area","42346",,,,,,,"40000US42346","Jacksonville, FL Urbanized Area",47458,"Jacksonville, FL Urbanized Area",1459
"G42400","2010","US",,,,,,,,,,,,,,,"Jacksonville, NC Urbanized Area","42400",,,,,,,"40000US42400","Jacksonville, NC Urbanized Area",40166,"Jacksonville, NC Urbanized Area",2715
"G42562","2010","US",,,,,,,,,,,,,,,"Janesville, WI Urbanized Area","42562",,,,,,,"40000US42562","Janesville, WI Urbanized Area",49524,"Janesville, WI Urbanized Area",3728
"G43210","2010","US",,,,,,,,,,,,,,,"Johnson City, TN Urbanized Area","43210",,,,,,,"40000US43210","Johnson City, TN Urbanized Area",34674,"Johnson City, TN Urbanized Area",2666
"G43291","2010","US",,,,,,,,,,,,,,,"Johnstown, PA Urbanized Area","43291",,,,,,,"40000US43291","Johnstown, PA Urbanized Area",34681,"Johnstown, PA Urbanized Area",4889
"G43399","2010","US",,,,,,,,,,,,,,,"Joplin, MO Urbanized Area","43399",,,,,,,"40000US43399","Joplin, MO Urbanized Area",37527,"Joplin, MO Urbanized Area",2095
"G43669","2010","US",,,,,,,,,,,,,,,"Kailua (Honolulu County)--Kaneohe, HI Urbanized Area","43669",,,,,,,"40000US43669","Kailua (Honolulu County)--Kaneohe, HI Urbanized Area",79548,"Kailua (Honolulu County)--Kaneohe, HI Urbanized Area",4883
"G43723","2010","US",,,,,,,,,,,,,,,"Kalamazoo, MI Urbanized Area","43723",,,,,,,"40000US43723","Kalamazoo, MI Urbanized Area",37836,"Kalamazoo, MI Urbanized Area",2103
"G43885","2010","US",,,,,,,,,,,,,,,"Kankakee, IL Urbanized Area","43885",,,,,,,"40000US43885","Kankakee, IL Urbanized Area",42446,"Kankakee, IL Urbanized Area",3216
"G43912","2010","US",,,,,,,,,,,,,,,"Kansas City, MO--KS Urbanized Area","43912",,,,,,,"40000US43912","Kansas City, MO--KS Urbanized Area",51316,"Kansas City, MO--KS Urbanized Area",1095
"G44479","2010","US",,,,,,,,,,,,,,,"Kennewick--Richland, WA Urbanized Area","44479",,,,,,,"40000US44479","Kennewick--Richland, WA Urbanized Area",54079,"Kennewick--Richland, WA Urbanized Area",3717
"G44506","2010","US",,,,,,,,,,,,,,,"Kenosha, WI Urbanized Area","44506",,,,,,,"40000US44506","Kenosha, WI Urbanized Area",48084,"Kenosha, WI Urbanized Area",4026
"G44992","2010","US",,,,,,,,,,,,,,,"Killeen, TX Urbanized Area","44992",,,,,,,"40000US44992","Killeen, TX Urbanized Area",46492,"Killeen, TX Urbanized Area",2527
"G45235","2010","US",,,,,,,,,,,,,,,"Kingsport, TN--VA Urbanized Area","45235",,,,,,,"40000US45235","Kingsport, TN--VA Urbanized Area",38408,"Kingsport, TN--VA Urbanized Area",4078
"G45451","2010","US",,,,,,,,,,,,,,,"Kissimmee, FL Urbanized Area","45451",,,,,,,"40000US45451","Kissimmee, FL Urbanized Area",40778,"Kissimmee, FL Urbanized Area",1693
"G45640","2010","US",,,,,,,,,,,,,,,"Knoxville, TN Urbanized Area","45640",,,,,,,"40000US45640","Knoxville, TN Urbanized Area",41194,"Knoxville, TN Urbanized Area",1599
"G45694","2010","US",,,,,,,,,,,,,,,"Kokomo, IN Urbanized Area","45694",,,,,,,"40000US45694","Kokomo, IN Urbanized Area",31134,"Kokomo, IN Urbanized Area",3539
"G45910","2010","US",,,,,,,,,,,,,,,"La Crosse, WI--MN Urbanized Area","45910",,,,,,,"40000US45910","La Crosse, WI--MN Urbanized Area",43728,"La Crosse, WI--MN Urbanized Area",3304
"G46018","2010","US",,,,,,,,,,,,,,,"Lafayette, IN Urbanized Area","46018",,,,,,,"40000US46018","Lafayette, IN Urbanized Area",32792,"Lafayette, IN Urbanized Area",1886
"G46045","2010","US",,,,,,,,,,,,,,,"Lafayette, LA Urbanized Area","46045",,,,,,,"40000US46045","Lafayette, LA Urbanized Area",44936,"Lafayette, LA Urbanized Area",4365
"G46126","2010","US",,,,,,,,,,,,,,,"Lafayette--Louisville, CO Urbanized Area","46126",,,,,,,"40000US46126","Lafayette--Louisville, CO Urbanized Area",76179,"Lafayette--Louisville, CO Urbanized Area",5427
"G46531","2010","US",,,,,,,,,,,,,,,"Lake Charles, LA Urbanized Area","46531",,,,,,,"40000US46531","Lake Charles, LA Urbanized Area",37773,"Lake Charles, LA Urbanized Area",2983
"G46801","2010","US",,,,,,,,,,,,,,,"Lake Jackson--Angleton, TX Urbanized Area","46801",,,,,,,"40000US46801","Lake Jackson--Angleton, TX Urbanized Area",51500,"Lake Jackson--Angleton, TX Urbanized Area",3054
"G46828","2010","US",,,,,,,,,,,,,,,"Lakeland, FL Urbanized Area","46828",,,,,,,"40000US46828","Lakeland, FL Urbanized Area",43842,"Lakeland, FL Urbanized Area",3507
"G47530","2010","US",,,,,,,,,,,,,,,"Lancaster, PA Urbanized Area","47530",,,,,,,"40000US47530","Lancaster, PA Urbanized Area",50145,"Lancaster, PA Urbanized Area",1664
"G47611","2010","US",,,,,,,,,,,,,,,"Lancaster--Palmdale, CA Urbanized Area","47611",,,,,,,"40000US47611","Lancaster--Palmdale, CA Urbanized Area",51038,"Lancaster--Palmdale, CA Urbanized Area",2242
"G47719","2010","US",,,,,,,,,,,,,,,"Lansing, MI Urbanized Area","47719",,,,,,,"40000US47719","Lansing, MI Urbanized Area",42691,"Lansing, MI Urbanized Area",1735
"G47854","2010","US",,,,,,,,,,,,,,,"Laredo, TX Urbanized Area","47854",,,,,,,"40000US47854","Laredo, TX Urbanized Area",34392,"Laredo, TX Urbanized Area",3215
"G47935","2010","US",,,,,,,,,,,,,,,"Las Cruces, NM Urbanized Area","47935",,,,,,,"40000US47935","Las Cruces, NM Urbanized Area",35642,"Las Cruces, NM Urbanized Area",4003
"G47962","2010","US",,,,,,,,,,,,,,,"Las Vegas, NV Urbanized Area","47962",,,,,,,"40000US47962","Las Vegas, NV Urbanized Area",47273,"Las Vegas, NV Urbanized Area",1096
"G48232","2010","US",,,,,,,,,,,,,,,"Lawrence, KS Urbanized Area","48232",,,,,,,"40000US48232","Lawrence, KS Urbanized Area",42602,"Lawrence, KS Urbanized Area",4540
"G48394","2010","US",,,,,,,,,,,,,,,"Lawton, OK Urbanized Area","48394",,,,,,,"40000US48394","Lawton, OK Urbanized Area",41054,"Lawton, OK Urbanized Area",2667
"G48664","2010","US",,,,,,,,,,,,,,,"Lebanon, PA Urbanized Area","48664",,,,,,,"40000US48664","Lebanon, PA Urbanized Area",47462,"Lebanon, PA Urbanized Area",3191
"G48799","2010","US",,,,,,,,,,,,,,,"Leesburg--Eustis, FL Urbanized Area","48799",,,,,,,"40000US48799","Leesburg--Eustis, FL Urbanized Area",36388,"Leesburg--Eustis, FL Urbanized Area",2364
"G49096","2010","US",,,,,,,,,,,,,,,"Leominster--Fitchburg, MA Urbanized Area","49096",,,,,,,"40000US49096","Leominster--Fitchburg, MA Urbanized Area",49030,"Leominster--Fitchburg, MA Urbanized Area",5994
"G49582","2010","US",,,,,,,,,,,,,,,"Lexington-Fayette, KY Urbanized Area","49582",,,,,,,"40000US49582","Lexington-Fayette, KY Urbanized Area",41989,"Lexington-Fayette, KY Urbanized Area",2170
"G49852","2010","US",,,,,,,,,,,,,,,"Lima, OH Urbanized Area","49852",,,,,,,"40000US49852","Lima, OH Urbanized Area",35329,"Lima, OH Urbanized Area",4541
"G49933","2010","US",,,,,,,,,,,,,,,"Lincoln, NE Urbanized Area","49933",,,,,,,"40000US49933","Lincoln, NE Urbanized Area",46503,"Lincoln, NE Urbanized Area",1631
"G50392","2010","US",,,,,,,,,,,,,,,"Little Rock, AR Urbanized Area","50392",,,,,,,"40000US50392","Little Rock, AR Urbanized Area",43692,"Little Rock, AR Urbanized Area",2102
"G50527","2010","US",,,,,,,,,,,,,,,"Livermore, CA Urbanized Area","50527",,,,,,,"40000US50527","Livermore, CA Urbanized Area",95538,"Livermore, CA Urbanized Area",10468
"G50851","2010","US",,,,,,,,,,,,,,,"Lodi, CA Urbanized Area","50851",,,,,,,"40000US50851","Lodi, CA Urbanized Area",50087,"Lodi, CA Urbanized Area",5034
"G50959","2010","US",,,,,,,,,,,,,,,"Logan, UT Urbanized Area","50959",,,,,,,"40000US50959","Logan, UT Urbanized Area",44808,"Logan, UT Urbanized Area",3190
"G51175","2010","US",,,,,,,,,,,,,,,"Longmont, CO Urbanized Area","51175",,,,,,,"40000US51175","Longmont, CO Urbanized Area",54046,"Longmont, CO Urbanized Area",5752
"G51256","2010","US",,,,,,,,,,,,,,,"Longview, TX Urbanized Area","51256",,,,,,,"40000US51256","Longview, TX Urbanized Area",40091,"Longview, TX Urbanized Area",4695
"G51364","2010","US",,,,,,,,,,,,,,,"Lorain--Elyria, OH Urbanized Area","51364",,,,,,,"40000US51364","Lorain--Elyria, OH Urbanized Area",39757,"Lorain--Elyria, OH Urbanized Area",3124
"G51445","2010","US",,,,,,,,,,,,,,,"Los Angeles--Long Beach--Santa Ana, CA Urbanized Area","51445",,,,,,,"40000US51445","Los Angeles--Long Beach--Santa Ana, CA Urbanized Area",55252,"Los Angeles--Long Beach--Santa Ana, CA Urbanized Area",521
"G51715","2010","US",,,,,,,,,,,,,,,"Louisville, KY--IN Urbanized Area","51715",,,,,,,"40000US51715","Louisville, KY--IN Urbanized Area",42301,"Louisville, KY--IN Urbanized Area",875
"G51877","2010","US",,,,,,,,,,,,,,,"Lubbock, TX Urbanized Area","51877",,,,,,,"40000US51877","Lubbock, TX Urbanized Area",37679,"Lubbock, TX Urbanized Area",3168
"G52201","2010","US",,,,,,,,,,,,,,,"Lynchburg, VA Urbanized Area","52201",,,,,,,"40000US52201","Lynchburg, VA Urbanized Area",37529,"Lynchburg, VA Urbanized Area",2391
"G52390","2010","US",,,,,,,,,,,,,,,"McAllen, TX Urbanized Area","52390",,,,,,,"40000US52390","McAllen, TX Urbanized Area",34191,"McAllen, TX Urbanized Area",1680
"G52687","2010","US",,,,,,,,,,,,,,,"McKinney, TX Urbanized Area","52687",,,,,,,"40000US52687","McKinney, TX Urbanized Area",69541,"McKinney, TX Urbanized Area",9317
"G52822","2010","US",,,,,,,,,,,,,,,"Macon, GA Urbanized Area","52822",,,,,,,"40000US52822","Macon, GA Urbanized Area",31420,"Macon, GA Urbanized Area",1717
"G52984","2010","US",,,,,,,,,,,,,,,"Madera, CA Urbanized Area","52984",,,,,,,"40000US52984","Madera, CA Urbanized Area",37545,"Madera, CA Urbanized Area",6540
"G53200","2010","US",,,,,,,,,,,,,,,"Madison, WI Urbanized Area","53200",,,,,,,"40000US53200","Madison, WI Urbanized Area",52422,"Madison, WI Urbanized Area",1738
"G53740","2010","US",,,,,,,,,,,,,,,"Manchester, NH Urbanized Area","53740",,,,,,,"40000US53740","Manchester, NH Urbanized Area",60136,"Manchester, NH Urbanized Area",3725
"G53794","2010","US",,,,,,,,,,,,,,,"Mandeville--Covington, LA Urbanized Area","53794",,,,,,,"40000US53794","Mandeville--Covington, LA Urbanized Area",69349,"Mandeville--Covington, LA Urbanized Area",7375
"G54091","2010","US",,,,,,,,,,,,,,,"Mansfield, OH Urbanized Area","54091",,,,,,,"40000US54091","Mansfield, OH Urbanized Area",36847,"Mansfield, OH Urbanized Area",3224
"G55333","2010","US",,,,,,,,,,,,,,,"Marysville, WA Urbanized Area","55333",,,,,,,"40000US55333","Marysville, WA Urbanized Area",60479,"Marysville, WA Urbanized Area",2456
"G55603","2010","US",,,,,,,,,,,,,,,"Mauldin--Simpsonville, SC Urbanized Area","55603",,,,,,,"40000US55603","Mauldin--Simpsonville, SC Urbanized Area",61068,"Mauldin--Simpsonville, SC Urbanized Area",3870
"G55738","2010","PR",,,,,,,,,,,,,,,"Mayagüez, PR Urbanized Area","55738",,,,,,,"40000US55738","Mayagüez, PR Urbanized Area",15719,"Mayagüez, PR Urbanized Area",1073
"G55981","2010","US",,,,,,,,,,,,,,,"Medford, OR Urbanized Area","55981",,,,,,,"40000US55981","Medford, OR Urbanized Area",36411,"Medford, OR Urbanized Area",2839
"G56116","2010","US",,,,,,,,,,,,,,,"Memphis, TN--MS--AR Urbanized Area","56116",,,,,,,"40000US56116","Memphis, TN--MS--AR Urbanized Area",42305,"Memphis, TN--MS--AR Urbanized Area",1168
"G56251","2010","US",,,,,,,,,,,,,,,"Merced, CA Urbanized Area","56251",,,,,,,"40000US56251","Merced, CA Urbanized Area",40060,"Merced, CA Urbanized Area",4740
"G56602","2010","US",,,,,,,,,,,,,,,"Miami, FL Urbanized Area","56602",,,,,,,"40000US56602","Miami, FL Urbanized Area",44956,"Miami, FL Urbanized Area",687
"G56656","2010","US",,,,,,,,,,,,,,,"Michigan City, IN--MI Urbanized Area","56656",,,,,,,"40000US56656","Michigan City, IN--MI Urbanized Area",36425,"Michigan City, IN--MI Urbanized Area",4531
"G56926","2010","US",,,,,,,,,,,,,,,"Middletown, OH Urbanized Area","56926",,,,,,,"40000US56926","Middletown, OH Urbanized Area",43208,"Middletown, OH Urbanized Area",4807
"G57007","2010","US",,,,,,,,,,,,,,,"Midland, TX Urbanized Area","57007",,,,,,,"40000US57007","Midland, TX Urbanized Area",51234,"Midland, TX Urbanized Area",2181
"G57466","2010","US",,,,,,,,,,,,,,,"Milwaukee, WI Urbanized Area","57466",,,,,,,"40000US57466","Milwaukee, WI Urbanized Area",46737,"Milwaukee, WI Urbanized Area",783
"G57628","2010","US",,,,,,,,,,,,,,,"Minneapolis--St. Paul, MN Urbanized Area","57628",,,,,,,"40000US57628","Minneapolis--St. Paul, MN Urbanized Area",60197,"Minneapolis--St. Paul, MN Urbanized Area",763
"G57709","2010","US",,,,,,,,,,,,,,,"Mission Viejo, CA Urbanized Area","57709",,,,,,,"40000US57709","Mission Viejo, CA Urbanized Area",82965,"Mission Viejo, CA Urbanized Area",4197
"G57736","2010","US",,,,,,,,,,,,,,,"Missoula, MT Urbanized Area","57736",,,,,,,"40000US57736","Missoula, MT Urbanized Area",41505,"Missoula, MT Urbanized Area",2740
"G57925","2010","US",,,,,,,,,,,,,,,"Mobile, AL Urbanized Area","57925",,,,,,,"40000US57925","Mobile, AL Urbanized Area",38542,"Mobile, AL Urbanized Area",2318
"G58006","2010","US",,,,,,,,,,,,,,,"Modesto, CA Urbanized Area","58006",,,,,,,"40000US58006","Modesto, CA Urbanized Area",45051,"Modesto, CA Urbanized Area",3468
"G58330","2010","US",,,,,,,,,,,,,,,"Monroe, LA Urbanized Area","58330",,,,,,,"40000US58330","Monroe, LA Urbanized Area",34952,"Monroe, LA Urbanized Area",3037
"G58600","2010","US",,,,,,,,,,,,,,,"Montgomery, AL Urbanized Area","58600",,,,,,,"40000US58600","Montgomery, AL Urbanized Area",40699,"Montgomery, AL Urbanized Area",1978
"G59275","2010","US",,,,,,,,,,,,,,,"Morgantown, WV Urbanized Area","59275",,,,,,,"40000US59275","Morgantown, WV Urbanized Area",36084,"Morgantown, WV Urbanized Area",6298
"G60625","2010","US",,,,,,,,,,,,,,,"Muncie, IN Urbanized Area","60625",,,,,,,"40000US60625","Muncie, IN Urbanized Area",32399,"Muncie, IN Urbanized Area",1982
"G60733","2010","US",,,,,,,,,,,,,,,"Murfreesboro, TN Urbanized Area","60733",,,,,,,"40000US60733","Murfreesboro, TN Urbanized Area",45453,"Murfreesboro, TN Urbanized Area",2659
"G60841","2010","US",,,,,,,,,,,,,,,"Muskegon, MI Urbanized Area","60841",,,,,,,"40000US60841","Muskegon, MI Urbanized Area",37331,"Muskegon, MI Urbanized Area",3048
"G60895","2010","US",,,,,,,,,,,,,,,"Myrtle Beach, SC Urbanized Area","60895",,,,,,,"40000US60895","Myrtle Beach, SC Urbanized Area",41341,"Myrtle Beach, SC Urbanized Area",3308
"G60976","2010","US",,,,,,,,,,,,,,,"Nampa, ID Urbanized Area","60976",,,,,,,"40000US60976","Nampa, ID Urbanized Area",36676,"Nampa, ID Urbanized Area",5204
"G61057","2010","US",,,,,,,,,,,,,,,"Napa, CA Urbanized Area","61057",,,,,,,"40000US61057","Napa, CA Urbanized Area",54921,"Napa, CA Urbanized Area",6678
"G61165","2010","US",,,,,,,,,,,,,,,"Nashua, NH--MA Urbanized Area","61165",,,,,,,"40000US61165","Nashua, NH--MA Urbanized Area",69869,"Nashua, NH--MA Urbanized Area",3087
"G61273","2010","US",,,,,,,,,,,,,,,"Nashville-Davidson, TN Urbanized Area","61273",,,,,,,"40000US61273","Nashville-Davidson, TN Urbanized Area",45710,"Nashville-Davidson, TN Urbanized Area",1035
"G61705","2010","US",,,,,,,,,,,,,,,"Newark, OH Urbanized Area","61705",,,,,,,"40000US61705","Newark, OH Urbanized Area",37388,"Newark, OH Urbanized Area",3649
"G61786","2010","US",,,,,,,,,,,,,,,"New Bedford, MA Urbanized Area","61786",,,,,,,"40000US61786","New Bedford, MA Urbanized Area",41430,"New Bedford, MA Urbanized Area",3194
"G62407","2010","US",,,,,,,,,,,,,,,"New Haven, CT Urbanized Area","62407",,,,,,,"40000US62407","New Haven, CT Urbanized Area",56408,"New Haven, CT Urbanized Area",1754
"G62677","2010","US",,,,,,,,,,,,,,,"New Orleans, LA Urbanized Area","62677",,,,,,,"40000US62677","New Orleans, LA Urbanized Area",42622,"New Orleans, LA Urbanized Area",1514
"G63217","2010","US",,,,,,,,,,,,,,,"New York--Newark, NY--NJ--CT Urbanized Area","63217",,,,,,,"40000US63217","New York--Newark, NY--NJ--CT Urbanized Area",61400,"New York--Newark, NY--NJ--CT Urbanized Area",308
"G63433","2010","US",,,,,,,,,,,,,,,"Norman, OK Urbanized Area","63433",,,,,,,"40000US63433","Norman, OK Urbanized Area",41365,"Norman, OK Urbanized Area",3811
"G63838","2010","US",,,,,,,,,,,,,,,"North Port--Punta Gorda, FL Urbanized Area","63838",,,,,,,"40000US63838","North Port--Punta Gorda, FL Urbanized Area",38316,"North Port--Punta Gorda, FL Urbanized Area",2663
"G64135","2010","US",,,,,,,,,,,,,,,"Norwich--New London, CT Urbanized Area","64135",,,,,,,"40000US64135","Norwich--New London, CT Urbanized Area",55176,"Norwich--New London, CT Urbanized Area",4556
"G64567","2010","US",,,,,,,,,,,,,,,"Ocala, FL Urbanized Area","64567",,,,,,,"40000US64567","Ocala, FL Urbanized Area",37057,"Ocala, FL Urbanized Area",2510
"G64864","2010","US",,,,,,,,,,,,,,,"Odessa, TX Urbanized Area","64864",,,,,,,"40000US64864","Odessa, TX Urbanized Area",42919,"Odessa, TX Urbanized Area",4048
"G64945","2010","US",,,,,,,,,,,,,,,"Ogden--Layton, UT Urbanized Area","64945",,,,,,,"40000US64945","Ogden--Layton, UT Urbanized Area",56990,"Ogden--Layton, UT Urbanized Area",1820
"G65080","2010","US",,,,,,,,,,,,,,,"Oklahoma City, OK Urbanized Area","65080",,,,,,,"40000US65080","Oklahoma City, OK Urbanized Area",44186,"Oklahoma City, OK Urbanized Area",1778
"G65242","2010","US",,,,,,,,,,,,,,,"Olympia--Lacey, WA Urbanized Area","65242",,,,,,,"40000US65242","Olympia--Lacey, WA Urbanized Area",59118,"Olympia--Lacey, WA Urbanized Area",4286
"G65269","2010","US",,,,,,,,,,,,,,,"Omaha, NE--IA Urbanized Area","65269",,,,,,,"40000US65269","Omaha, NE--IA Urbanized Area",50122,"Omaha, NE--IA Urbanized Area",1603
"G65863","2010","US",,,,,,,,,,,,,,,"Orlando, FL Urbanized Area","65863",,,,,,,"40000US65863","Orlando, FL Urbanized Area",46005,"Orlando, FL Urbanized Area",1143
"G66160","2010","US",,,,,,,,,,,,,,,"Oshkosh, WI Urbanized Area","66160",,,,,,,"40000US66160","Oshkosh, WI Urbanized Area",43585,"Oshkosh, WI Urbanized Area",3078
"G66484","2010","US",,,,,,,,,,,,,,,"Owensboro, KY Urbanized Area","66484",,,,,,,"40000US66484","Owensboro, KY Urbanized Area",37013,"Owensboro, KY Urbanized Area",3912
"G66673","2010","US",,,,,,,,,,,,,,,"Oxnard, CA Urbanized Area","66673",,,,,,,"40000US66673","Oxnard, CA Urbanized Area",60123,"Oxnard, CA Urbanized Area",2379
"G67105","2010","US",,,,,,,,,,,,,,,"Palm Bay--Melbourne, FL Urbanized Area","67105",,,,,,,"40000US67105","Palm Bay--Melbourne, FL Urbanized Area",46634,"Palm Bay--Melbourne, FL Urbanized Area",1403
"G67294","2010","US",,,,,,,,,,,,,,,"Panama City, FL Urbanized Area","67294",,,,,,,"40000US67294","Panama City, FL Urbanized Area",44788,"Panama City, FL Urbanized Area",3069
"G67672","2010","US",,,,,,,,,,,,,,,"Parkersburg, WV--OH Urbanized Area","67672",,,,,,,"40000US67672","Parkersburg, WV--OH Urbanized Area",36069,"Parkersburg, WV--OH Urbanized Area",2007
"G68482","2010","US",,,,,,,,,,,,,,,"Pensacola, FL--AL Urbanized Area","68482",,,,,,,"40000US68482","Pensacola, FL--AL Urbanized Area",42052,"Pensacola, FL--AL Urbanized Area",1818
"G68509","2010","US",,,,,,,,,,,,,,,"Peoria, IL Urbanized Area","68509",,,,,,,"40000US68509","Peoria, IL Urbanized Area",46742,"Peoria, IL Urbanized Area",2020
"G69076","2010","US",,,,,,,,,,,,,,,"Philadelphia, PA--NJ--DE--MD Urbanized Area","69076",,,,,,,"40000US69076","Philadelphia, PA--NJ--DE--MD Urbanized Area",56203,"Philadelphia, PA--NJ--DE--MD Urbanized Area",593
"G69184","2010","US",,,,,,,,,,,,,,,"Phoenix--Mesa, AZ Urbanized Area","69184",,,,,,,"40000US69184","Phoenix--Mesa, AZ Urbanized Area",46340,"Phoenix--Mesa, AZ Urbanized Area",762
"G69697","2010","US",,,,,,,,,,,,,,,"Pittsburgh, PA Urbanized Area","69697",,,,,,,"40000US69697","Pittsburgh, PA Urbanized Area",47151,"Pittsburgh, PA Urbanized Area",993
"G70426","2010","US",,,,,,,,,,,,,,,"Pocatello, ID Urbanized Area","70426",,,,,,,"40000US70426","Pocatello, ID Urbanized Area",35747,"Pocatello, ID Urbanized Area",2678
"G70642","2010","PR",,,,,,,,,,,,,,,"Ponce, PR Urbanized Area","70642",,,,,,,"40000US70642","Ponce, PR Urbanized Area",16060,"Ponce, PR Urbanized Area",1028
"G70993","2010","US",,,,,,,,,,,,,,,"Port Arthur, TX Urbanized Area","70993",,,,,,,"40000US70993","Port Arthur, TX Urbanized Area",39145,"Port Arthur, TX Urbanized Area",4726
"G71074","2010","US",,,,,,,,,,,,,,,"Porterville, CA Urbanized Area","71074",,,,,,,"40000US71074","Porterville, CA Urbanized Area",45029,"Porterville, CA Urbanized Area",5986
"G71155","2010","US",,,,,,,,,,,,,,,"Port Huron, MI Urbanized Area","71155",,,,,,,"40000US71155","Port Huron, MI Urbanized Area",40049,"Port Huron, MI Urbanized Area",4500
"G71263","2010","US",,,,,,,,,,,,,,,"Portland, ME Urbanized Area","71263",,,,,,,"40000US71263","Portland, ME Urbanized Area",51944,"Portland, ME Urbanized Area",2591
"G71317","2010","US",,,,,,,,,,,,,,,"Portland, OR--WA Urbanized Area","71317",,,,,,,"40000US71317","Portland, OR--WA Urbanized Area",52356,"Portland, OR--WA Urbanized Area",811
"G71479","2010","US",,,,,,,,,,,,,,,"Port St. Lucie, FL Urbanized Area","71479",,,,,,,"40000US71479","Port St. Lucie, FL Urbanized Area",40887,"Port St. Lucie, FL Urbanized Area",1708
"G71749","2010","US",,,,,,,,,,,,,,,"Pottstown, PA Urbanized Area","71749",,,,,,,"40000US71749","Pottstown, PA Urbanized Area",59534,"Pottstown, PA Urbanized Area",4392
"G71803","2010","US",,,,,,,,,,,,,,,"Poughkeepsie--Newburgh, NY Urbanized Area","71803",,,,,,,"40000US71803","Poughkeepsie--Newburgh, NY Urbanized Area",65927,"Poughkeepsie--Newburgh, NY Urbanized Area",2432
"G72046","2010","US",,,,,,,,,,,,,,,"Prescott, AZ Urbanized Area","72046",,,,,,,"40000US72046","Prescott, AZ Urbanized Area",40045,"Prescott, AZ Urbanized Area",2039
"G72505","2010","US",,,,,,,,,,,,,,,"Providence, RI--MA Urbanized Area","72505",,,,,,,"40000US72505","Providence, RI--MA Urbanized Area",50413,"Providence, RI--MA Urbanized Area",885
"G72559","2010","US",,,,,,,,,,,,,,,"Provo--Orem, UT Urbanized Area","72559",,,,,,,"40000US72559","Provo--Orem, UT Urbanized Area",51288,"Provo--Orem, UT Urbanized Area",1363
"G72613","2010","US",,,,,,,,,,,,,,,"Pueblo, CO Urbanized Area","72613",,,,,,,"40000US72613","Pueblo, CO Urbanized Area",35800,"Pueblo, CO Urbanized Area",3539
"G73153","2010","US",,,,,,,,,,,,,,,"Racine, WI Urbanized Area","73153",,,,,,,"40000US73153","Racine, WI Urbanized Area",45667,"Racine, WI Urbanized Area",4403
"G73180","2010","US",,,,,,,,,,,,,,,"Radcliff--Elizabethtown, KY Urbanized Area","73180",,,,,,,"40000US73180","Radcliff--Elizabethtown, KY Urbanized Area",41090,"Radcliff--Elizabethtown, KY Urbanized Area",3193
"G73261","2010","US",,,,,,,,,,,,,,,"Raleigh, NC Urbanized Area","73261",,,,,,,"40000US73261","Raleigh, NC Urbanized Area",58195,"Raleigh, NC Urbanized Area",2351
"G73396","2010","US",,,,,,,,,,,,,,,"Rapid City, SD Urbanized Area","73396",,,,,,,"40000US73396","Rapid City, SD Urbanized Area",40687,"Rapid City, SD Urbanized Area",4293
"G73693","2010","US",,,,,,,,,,,,,,,"Reading, PA Urbanized Area","73693",,,,,,,"40000US73693","Reading, PA Urbanized Area",46190,"Reading, PA Urbanized Area",3630
"G73774","2010","US",,,,,,,,,,,,,,,"Redding, CA Urbanized Area","73774",,,,,,,"40000US73774","Redding, CA Urbanized Area",39284,"Redding, CA Urbanized Area",2938
"G74179","2010","US",,,,,,,,,,,,,,,"Reno, NV Urbanized Area","74179",,,,,,,"40000US74179","Reno, NV Urbanized Area",46298,"Reno, NV Urbanized Area",2922
"G74746","2010","US",,,,,,,,,,,,,,,"Richmond, VA Urbanized Area","74746",,,,,,,"40000US74746","Richmond, VA Urbanized Area",52178,"Richmond, VA Urbanized Area",1225
"G75340","2010","US",,,,,,,,,,,,,,,"Riverside--San Bernardino, CA Urbanized Area","75340",,,,,,,"40000US75340","Riverside--San Bernardino, CA Urbanized Area",50872,"Riverside--San Bernardino, CA Urbanized Area",1073
"G75421","2010","US",,,,,,,,,,,,,,,"Roanoke, VA Urbanized Area","75421",,,,,,,"40000US75421","Roanoke, VA Urbanized Area",44750,"Roanoke, VA Urbanized Area",2160
"G75637","2010","US",,,,,,,,,,,,,,,"Rochester, MN Urbanized Area","75637",,,,,,,"40000US75637","Rochester, MN Urbanized Area",54864,"Rochester, MN Urbanized Area",3293
"G75664","2010","US",,,,,,,,,,,,,,,"Rochester, NY Urbanized Area","75664",,,,,,,"40000US75664","Rochester, NY Urbanized Area",48091,"Rochester, NY Urbanized Area",1696
"G75718","2010","US",,,,,,,,,,,,,,,"Rockford, IL Urbanized Area","75718",,,,,,,"40000US75718","Rockford, IL Urbanized Area",41944,"Rockford, IL Urbanized Area",1713
"G75745","2010","US",,,,,,,,,,,,,,,"Rock Hill, SC Urbanized Area","75745",,,,,,,"40000US75745","Rock Hill, SC Urbanized Area",41106,"Rock Hill, SC Urbanized Area",6121
"G76474","2010","US",,,,,,,,,,,,,,,"Round Lake Beach--McHenry--Grayslake, IL--WI Urbanized Area","76474",,,,,,,"40000US76474","Round Lake Beach--McHenry--Grayslake, IL--WI Urbanized Area",65467,"Round Lake Beach--McHenry--Grayslake, IL--WI Urbanized Area",2737
"G77068","2010","US",,,,,,,,,,,,,,,"Sacramento, CA Urbanized Area","77068",,,,,,,"40000US77068","Sacramento, CA Urbanized Area",52120,"Sacramento, CA Urbanized Area",1179
"G77149","2010","US",,,,,,,,,,,,,,,"Saginaw, MI Urbanized Area","77149",,,,,,,"40000US77149","Saginaw, MI Urbanized Area",37027,"Saginaw, MI Urbanized Area",2333
"G77230","2010","US",,,,,,,,,,,,,,,"St. Augustine, FL Urbanized Area","77230",,,,,,,"40000US77230","St. Augustine, FL Urbanized Area",42613,"St. Augustine, FL Urbanized Area",4817
"G77257","2010","US",,,,,,,,,,,,,,,"St. Charles, MD Urbanized Area","77257",,,,,,,"40000US77257","St. Charles, MD Urbanized Area",81849,"St. Charles, MD Urbanized Area",6213
"G77338","2010","US",,,,,,,,,,,,,,,"St. Cloud, MN Urbanized Area","77338",,,,,,,"40000US77338","St. Cloud, MN Urbanized Area",42692,"St. Cloud, MN Urbanized Area",2849
"G77446","2010","US",,,,,,,,,,,,,,,"St. George, UT Urbanized Area","77446",,,,,,,"40000US77446","St. George, UT Urbanized Area",47500,"St. George, UT Urbanized Area",5422
"G77743","2010","US",,,,,,,,,,,,,,,"St. Joseph, MO--KS Urbanized Area","77743",,,,,,,"40000US77743","St. Joseph, MO--KS Urbanized Area",40542,"St. Joseph, MO--KS Urbanized Area",4964
"G77770","2010","US",,,,,,,,,,,,,,,"St. Louis, MO--IL Urbanized Area","77770",,,,,,,"40000US77770","St. Louis, MO--IL Urbanized Area",50509,"St. Louis, MO--IL Urbanized Area",637
"G78229","2010","US",,,,,,,,,,,,,,,"Salem, OR Urbanized Area","78229",,,,,,,"40000US78229","Salem, OR Urbanized Area",44649,"Salem, OR Urbanized Area",2138
"G78310","2010","US",,,,,,,,,,,,,,,"Salinas, CA Urbanized Area","78310",,,,,,,"40000US78310","Salinas, CA Urbanized Area",49748,"Salinas, CA Urbanized Area",2908
"G78364","2010","US",,,,,,,,,,,,,,,"Salisbury, MD--DE Urbanized Area","78364",,,,,,,"40000US78364","Salisbury, MD--DE Urbanized Area",42321,"Salisbury, MD--DE Urbanized Area",4369
"G78499","2010","US",,,,,,,,,,,,,,,"Salt Lake City, UT Urbanized Area","78499",,,,,,,"40000US78499","Salt Lake City, UT Urbanized Area",55435,"Salt Lake City, UT Urbanized Area",1249
"G78553","2010","US",,,,,,,,,,,,,,,"San Angelo, TX Urbanized Area","78553",,,,,,,"40000US78553","San Angelo, TX Urbanized Area",35012,"San Angelo, TX Urbanized Area",4244
"G78580","2010","US",,,,,,,,,,,,,,,"San Antonio, TX Urbanized Area","78580",,,,,,,"40000US78580","San Antonio, TX Urbanized Area",45216,"San Antonio, TX Urbanized Area",981
"G78661","2010","US",,,,,,,,,,,,,,,"San Diego, CA Urbanized Area","78661",,,,,,,"40000US78661","San Diego, CA Urbanized Area",57782,"San Diego, CA Urbanized Area",1208
"G78904","2010","US",,,,,,,,,,,,,,,"San Francisco--Oakland, CA Urbanized Area","78904",,,,,,,"40000US78904","San Francisco--Oakland, CA Urbanized Area",70516,"San Francisco--Oakland, CA Urbanized Area",658
"G78985","2010","PR",,,,,,,,,,,,,,,"San Germán--Cabo Rojo--Sabana Grande, PR Urbanized Area","78985",,,,,,,"40000US78985","San Germán--Cabo Rojo--Sabana Grande, PR Urbanized Area",14775,"San Germán--Cabo Rojo--Sabana Grande, PR Urbanized Area",1160
"G79039","2010","US",,,,,,,,,,,,,,,"San Jose, CA Urbanized Area","79039",,,,,,,"40000US79039","San Jose, CA Urbanized Area",85193,"San Jose, CA Urbanized Area",1717
"G79093","2010","PR",,,,,,,,,,,,,,,"San Juan, PR Urbanized Area","79093",,,,,,,"40000US79093","San Juan, PR Urbanized Area",21629,"San Juan, PR Urbanized Area",469
"G79282","2010","US",,,,,,,,,,,,,,,"Santa Barbara, CA Urbanized Area","79282",,,,,,,"40000US79282","Santa Barbara, CA Urbanized Area",62237,"Santa Barbara, CA Urbanized Area",5315
"G79309","2010","US",,,,,,,,,,,,,,,"Santa Clarita, CA Urbanized Area","79309",,,,,,,"40000US79309","Santa Clarita, CA Urbanized Area",77808,"Santa Clarita, CA Urbanized Area",3309
"G79336","2010","US",,,,,,,,,,,,,,,"Santa Cruz, CA Urbanized Area","79336",,,,,,,"40000US79336","Santa Cruz, CA Urbanized Area",60927,"Santa Cruz, CA Urbanized Area",3994
"G79363","2010","US",,,,,,,,,,,,,,,"Santa Fe, NM Urbanized Area","79363",,,,,,,"40000US79363","Santa Fe, NM Urbanized Area",42123,"Santa Fe, NM Urbanized Area",5004
"G79417","2010","US",,,,,,,,,,,,,,,"Santa Maria, CA Urbanized Area","79417",,,,,,,"40000US79417","Santa Maria, CA Urbanized Area",51637,"Santa Maria, CA Urbanized Area",2475
"G79498","2010","US",,,,,,,,,,,,,,,"Santa Rosa, CA Urbanized Area","79498",,,,,,,"40000US79498","Santa Rosa, CA Urbanized Area",56292,"Santa Rosa, CA Urbanized Area",2647
"G79606","2010","US",,,,,,,,,,,,,,,"Sarasota--Bradenton, FL Urbanized Area","79606",,,,,,,"40000US79606","Sarasota--Bradenton, FL Urbanized Area",42575,"Sarasota--Bradenton, FL Urbanized Area",1495
"G79768","2010","US",,,,,,,,,,,,,,,"Savannah, GA Urbanized Area","79768",,,,,,,"40000US79768","Savannah, GA Urbanized Area",40299,"Savannah, GA Urbanized Area",4184
"G80227","2010","US",,,,,,,,,,,,,,,"Scranton, PA Urbanized Area","80227",,,,,,,"40000US80227","Scranton, PA Urbanized Area",40401,"Scranton, PA Urbanized Area",1566
"G80362","2010","US",,,,,,,,,,,,,,,"Seaside--Monterey--Marina, CA Urbanized Area","80362",,,,,,,"40000US80362","Seaside--Monterey--Marina, CA Urbanized Area",60134,"Seaside--Monterey--Marina, CA Urbanized Area",3507
"G80389","2010","US",,,,,,,,,,,,,,,"Seattle, WA Urbanized Area","80389",,,,,,,"40000US80389","Seattle, WA Urbanized Area",61982,"Seattle, WA Urbanized Area",667
"G81118","2010","US",,,,,,,,,,,,,,,"Sheboygan, WI Urbanized Area","81118",,,,,,,"40000US81118","Sheboygan, WI Urbanized Area",44255,"Sheboygan, WI Urbanized Area",3750
"G81739","2010","US",,,,,,,,,,,,,,,"Shreveport, LA Urbanized Area","81739",,,,,,,"40000US81739","Shreveport, LA Urbanized Area",36785,"Shreveport, LA Urbanized Area",3485
"G82144","2010","US",,,,,,,,,,,,,,,"Simi Valley, CA Urbanized Area","82144",,,,,,,"40000US82144","Simi Valley, CA Urbanized Area",84679,"Simi Valley, CA Urbanized Area",9117
"G82225","2010","US",,,,,,,,,,,,,,,"Sioux City, IA--NE--SD Urbanized Area","82225",,,,,,,"40000US82225","Sioux City, IA--NE--SD Urbanized Area",41659,"Sioux City, IA--NE--SD Urbanized Area",2428
"G82252","2010","US",,,,,,,,,,,,,,,"Sioux Falls, SD Urbanized Area","82252",,,,,,,"40000US82252","Sioux Falls, SD Urbanized Area",45257,"Sioux Falls, SD Urbanized Area",3281
"G82468","2010","US",,,,,,,,,,,,,,,"Slidell, LA Urbanized Area","82468",,,,,,,"40000US82468","Slidell, LA Urbanized Area",51435,"Slidell, LA Urbanized Area",3872
"G83116","2010","US",,,,,,,,,,,,,,,"South Bend, IN--MI Urbanized Area","83116",,,,,,,"40000US83116","South Bend, IN--MI Urbanized Area",40455,"South Bend, IN--MI Urbanized Area",1613
"G83332","2010","US",,,,,,,,,,,,,,,"South Lyon--Howell--Brighton, MI Urbanized Area","83332",,,,,,,"40000US83332","South Lyon--Howell--Brighton, MI Urbanized Area",60562,"South Lyon--Howell--Brighton, MI Urbanized Area",3224
"G83548","2010","US",,,,,,,,,,,,,,,"Spartanburg, SC Urbanized Area","83548",,,,,,,"40000US83548","Spartanburg, SC Urbanized Area",38907,"Spartanburg, SC Urbanized Area",2530
"G83764","2010","US",,,,,,,,,,,,,,,"Spokane, WA--ID Urbanized Area","83764",,,,,,,"40000US83764","Spokane, WA--ID Urbanized Area",44185,"Spokane, WA--ID Urbanized Area",1513
"G83899","2010","US",,,,,,,,,,,,,,,"Springfield, IL Urbanized Area","83899",,,,,,,"40000US83899","Springfield, IL Urbanized Area",47070,"Springfield, IL Urbanized Area",3594
"G83926","2010","US",,,,,,,,,,,,,,,"Springfield, MA--CT Urbanized Area","83926",,,,,,,"40000US83926","Springfield, MA--CT Urbanized Area",48616,"Springfield, MA--CT Urbanized Area",2029
"G83953","2010","US",,,,,,,,,,,,,,,"Springfield, MO Urbanized Area","83953",,,,,,,"40000US83953","Springfield, MO Urbanized Area",34734,"Springfield, MO Urbanized Area",2072
"G83980","2010","US",,,,,,,,,,,,,,,"Springfield, OH Urbanized Area","83980",,,,,,,"40000US83980","Springfield, OH Urbanized Area",35114,"Springfield, OH Urbanized Area",2497
"G84493","2010","US",,,,,,,,,,,,,,,"State College, PA Urbanized Area","84493",,,,,,,"40000US84493","State College, PA Urbanized Area",41058,"State College, PA Urbanized Area",3673
"G85087","2010","US",,,,,,,,,,,,,,,"Stockton, CA Urbanized Area","85087",,,,,,,"40000US85087","Stockton, CA Urbanized Area",43483,"Stockton, CA Urbanized Area",3127
"G86302","2010","US",,,,,,,,,,,,,,,"Syracuse, NY Urbanized Area","86302",,,,,,,"40000US86302","Syracuse, NY Urbanized Area",48296,"Syracuse, NY Urbanized Area",2088
"G86464","2010","US",,,,,,,,,,,,,,,"Tallahassee, FL Urbanized Area","86464",,,,,,,"40000US86464","Tallahassee, FL Urbanized Area",39028,"Tallahassee, FL Urbanized Area",3101
"G86599","2010","US",,,,,,,,,,,,,,,"Tampa--St. Petersburg, FL Urbanized Area","86599",,,,,,,"40000US86599","Tampa--St. Petersburg, FL Urbanized Area",42872,"Tampa--St. Petersburg, FL Urbanized Area",973
"G87004","2010","US",,,,,,,,,,,,,,,"Temecula--Murrieta, CA Urbanized Area","87004",,,,,,,"40000US87004","Temecula--Murrieta, CA Urbanized Area",58168,"Temecula--Murrieta, CA Urbanized Area",3500
"G87058","2010","US",,,,,,,,,,,,,,,"Temple, TX Urbanized Area","87058",,,,,,,"40000US87058","Temple, TX Urbanized Area",49752,"Temple, TX Urbanized Area",5441
"G87139","2010","US",,,,,,,,,,,,,,,"Terre Haute, IN Urbanized Area","87139",,,,,,,"40000US87139","Terre Haute, IN Urbanized Area",34647,"Terre Haute, IN Urbanized Area",3915
"G87193","2010","US",,,,,,,,,,,,,,,"Texarkana, TX--Texarkana, AR Urbanized Area","87193",,,,,,,"40000US87193","Texarkana, TX--Texarkana, AR Urbanized Area",35903,"Texarkana, TX--Texarkana, AR Urbanized Area",4190
"G87220","2010","US",,,,,,,,,,,,,,,"Texas City, TX Urbanized Area","87220",,,,,,,"40000US87220","Texas City, TX Urbanized Area",45998,"Texas City, TX Urbanized Area",4754
"G87328","2010","US",,,,,,,,,,,,,,,"The Woodlands, TX Urbanized Area","87328",,,,,,,"40000US87328","The Woodlands, TX Urbanized Area",73193,"The Woodlands, TX Urbanized Area",5374
"G87490","2010","US",,,,,,,,,,,,,,,"Thousand Oaks, CA Urbanized Area","87490",,,,,,,"40000US87490","Thousand Oaks, CA Urbanized Area",94314,"Thousand Oaks, CA Urbanized Area",5653
"G87868","2010","US",,,,,,,,,,,,,,,"Toledo, OH--MI Urbanized Area","87868",,,,,,,"40000US87868","Toledo, OH--MI Urbanized Area",40058,"Toledo, OH--MI Urbanized Area",1454
"G88084","2010","US",,,,,,,,,,,,,,,"Topeka, KS Urbanized Area","88084",,,,,,,"40000US88084","Topeka, KS Urbanized Area",40010,"Topeka, KS Urbanized Area",3511
"G88273","2010","US",,,,,,,,,,,,,,,"Tracy, CA Urbanized Area","88273",,,,,,,"40000US88273","Tracy, CA Urbanized Area",65154,"Tracy, CA Urbanized Area",9947
"G88462","2010","US",,,,,,,,,,,,,,,"Trenton, NJ Urbanized Area","88462",,,,,,,"40000US88462","Trenton, NJ Urbanized Area",62913,"Trenton, NJ Urbanized Area",3877
"G88732","2010","US",,,,,,,,,,,,,,,"Tucson, AZ Urbanized Area","88732",,,,,,,"40000US88732","Tucson, AZ Urbanized Area",40648,"Tucson, AZ Urbanized Area",1344
"G88948","2010","US",,,,,,,,,,,,,,,"Tulsa, OK Urbanized Area","88948",,,,,,,"40000US88948","Tulsa, OK Urbanized Area",41955,"Tulsa, OK Urbanized Area",951
"G89083","2010","US",,,,,,,,,,,,,,,"Turlock, CA Urbanized Area","89083",,,,,,,"40000US89083","Turlock, CA Urbanized Area",52514,"Turlock, CA Urbanized Area",4709
"G89110","2010","US",,,,,,,,,,,,,,,"Tuscaloosa, AL Urbanized Area","89110",,,,,,,"40000US89110","Tuscaloosa, AL Urbanized Area",39197,"Tuscaloosa, AL Urbanized Area",2793
"G89326","2010","US",,,,,,,,,,,,,,,"Tyler, TX Urbanized Area","89326",,,,,,,"40000US89326","Tyler, TX Urbanized Area",39733,"Tyler, TX Urbanized Area",2932
"G89785","2010","US",,,,,,,,,,,,,,,"Utica, NY Urbanized Area","89785",,,,,,,"40000US89785","Utica, NY Urbanized Area",42136,"Utica, NY Urbanized Area",2550
"G89866","2010","US",,,,,,,,,,,,,,,"Vacaville, CA Urbanized Area","89866",,,,,,,"40000US89866","Vacaville, CA Urbanized Area",70617,"Vacaville, CA Urbanized Area",6738
"G89974","2010","US",,,,,,,,,,,,,,,"Valdosta, GA Urbanized Area","89974",,,,,,,"40000US89974","Valdosta, GA Urbanized Area",31168,"Valdosta, GA Urbanized Area",5221
"G90028","2010","US",,,,,,,,,,,,,,,"Vallejo, CA Urbanized Area","90028",,,,,,,"40000US90028","Vallejo, CA Urbanized Area",61259,"Vallejo, CA Urbanized Area",3816
"G90406","2010","US",,,,,,,,,,,,,,,"Vero Beach--Sebastian, FL Urbanized Area","90406",,,,,,,"40000US90406","Vero Beach--Sebastian, FL Urbanized Area",40622,"Vero Beach--Sebastian, FL Urbanized Area",3040
"G90541","2010","US",,,,,,,,,,,,,,,"Victorville--Hesperia--Apple Valley, CA Urbanized Area","90541",,,,,,,"40000US90541","Victorville--Hesperia--Apple Valley, CA Urbanized Area",45856,"Victorville--Hesperia--Apple Valley, CA Urbanized Area",3770
"G90730","2010","US",,,,,,,,,,,,,,,"Vineland, NJ Urbanized Area","90730",,,,,,,"40000US90730","Vineland, NJ Urbanized Area",50115,"Vineland, NJ Urbanized Area",6286
"G90892","2010","US",,,,,,,,,,,,,,,"Virginia Beach, VA Urbanized Area","90892",,,,,,,"40000US90892","Virginia Beach, VA Urbanized Area",56547,"Virginia Beach, VA Urbanized Area",941
"G90946","2010","US",,,,,,,,,,,,,,,"Visalia, CA Urbanized Area","90946",,,,,,,"40000US90946","Visalia, CA Urbanized Area",45610,"Visalia, CA Urbanized Area",3588
"G91027","2010","US",,,,,,,,,,,,,,,"Waco, TX Urbanized Area","91027",,,,,,,"40000US91027","Waco, TX Urbanized Area",34485,"Waco, TX Urbanized Area",2937
"G91783","2010","US",,,,,,,,,,,,,,,"Warner Robins, GA Urbanized Area","91783",,,,,,,"40000US91783","Warner Robins, GA Urbanized Area",50520,"Warner Robins, GA Urbanized Area",5307
"G92242","2010","US",,,,,,,,,,,,,,,"Washington, DC--VA--MD Urbanized Area","92242",,,,,,,"40000US92242","Washington, DC--VA--MD Urbanized Area",83945,"Washington, DC--VA--MD Urbanized Area",1255
"G92485","2010","US",,,,,,,,,,,,,,,"Waterbury, CT Urbanized Area","92485",,,,,,,"40000US92485","Waterbury, CT Urbanized Area",48374,"Waterbury, CT Urbanized Area",4784
"G92593","2010","US",,,,,,,,,,,,,,,"Waterloo, IA Urbanized Area","92593",,,,,,,"40000US92593","Waterloo, IA Urbanized Area",40958,"Waterloo, IA Urbanized Area",3880
"G92890","2010","US",,,,,,,,,,,,,,,"Watsonville, CA Urbanized Area","92890",,,,,,,"40000US92890","Watsonville, CA Urbanized Area",48763,"Watsonville, CA Urbanized Area",5633
"G93025","2010","US",,,,,,,,,,,,,,,"Wausau, WI Urbanized Area","93025",,,,,,,"40000US93025","Wausau, WI Urbanized Area",39981,"Wausau, WI Urbanized Area",2049
"G93592","2010","US",,,,,,,,,,,,,,,"Weirton, WV--Steubenville, OH--PA Urbanized Area","93592",,,,,,,"40000US93592","Weirton, WV--Steubenville, OH--PA Urbanized Area",35449,"Weirton, WV--Steubenville, OH--PA Urbanized Area",3798
"G94294","2010","US",,,,,,,,,,,,,,,"Westminster, MD Urbanized Area","94294",,,,,,,"40000US94294","Westminster, MD Urbanized Area",78571,"Westminster, MD Urbanized Area",5571
"G94726","2010","US",,,,,,,,,,,,,,,"Wheeling, WV--OH Urbanized Area","94726",,,,,,,"40000US94726","Wheeling, WV--OH Urbanized Area",33612,"Wheeling, WV--OH Urbanized Area",4073
"G95077","2010","US",,,,,,,,,,,,,,,"Wichita, KS Urbanized Area","95077",,,,,,,"40000US95077","Wichita, KS Urbanized Area",43575,"Wichita, KS Urbanized Area",1835
"G95104","2010","US",,,,,,,,,,,,,,,"Wichita Falls, TX Urbanized Area","95104",,,,,,,"40000US95104","Wichita Falls, TX Urbanized Area",36976,"Wichita Falls, TX Urbanized Area",2338
"G95833","2010","US",,,,,,,,,,,,,,,"Wilmington, NC Urbanized Area","95833",,,,,,,"40000US95833","Wilmington, NC Urbanized Area",45872,"Wilmington, NC Urbanized Area",2792
"G96103","2010","US",,,,,,,,,,,,,,,"Winchester, VA Urbanized Area","96103",,,,,,,"40000US96103","Winchester, VA Urbanized Area",54678,"Winchester, VA Urbanized Area",8544
"G96670","2010","US",,,,,,,,,,,,,,,"Winston-Salem, NC Urbanized Area","96670",,,,,,,"40000US96670","Winston-Salem, NC Urbanized Area",42666,"Winston-Salem, NC Urbanized Area",2304
"G96697","2010","US",,,,,,,,,,,,,,,"Winter Haven, FL Urbanized Area","96697",,,,,,,"40000US96697","Winter Haven, FL Urbanized Area",34058,"Winter Haven, FL Urbanized Area",2247
"G97291","2010","US",,,,,,,,,,,,,,,"Worcester, MA--CT Urbanized Area","97291",,,,,,,"40000US97291","Worcester, MA--CT Urbanized Area",56522,"Worcester, MA--CT Urbanized Area",2348
"G97507","2010","US",,,,,,,,,,,,,,,"Yakima, WA Urbanized Area","97507",,,,,,,"40000US97507","Yakima, WA Urbanized Area",40582,"Yakima, WA Urbanized Area",5249
"G97561","2010","PR",,,,,,,,,,,,,,,"Yauco, PR Urbanized Area","97561",,,,,,,"40000US97561","Yauco, PR Urbanized Area",14360,"Yauco, PR Urbanized Area",1286
"G97750","2010","US",,,,,,,,,,,,,,,"York, PA Urbanized Area","97750",,,,,,,"40000US97750","York, PA Urbanized Area",51767,"York, PA Urbanized Area",1653
"G97831","2010","US",,,,,,,,,,,,,,,"Youngstown, OH--PA Urbanized Area","97831",,,,,,,"40000US97831","Youngstown, OH--PA Urbanized Area",36391,"Youngstown, OH--PA Urbanized Area",1744
"G97939","2010","US",,,,,,,,,,,,,,,"Yuba City, CA Urbanized Area","97939",,,,,,,"40000US97939","Yuba City, CA Urbanized Area",42372,"Yuba City, CA Urbanized Area",2790
"G98020","2010","US",,,,,,,,,,,,,,,"Yuma, AZ--CA Urbanized Area","98020",,,,,,,"40000US98020","Yuma, AZ--CA Urbanized Area",41960,"Yuma, AZ--CA Urbanized Area",5054
"G98182","2010","US",,,,,,,,,,,,,,,"Zephyrhills, FL Urbanized Area","98182",,,,,,,"40000US98182","Zephyrhills, FL Urbanized Area",35180,"Zephyrhills, FL Urbanized Area",3739
