GISJOIN,YEAR,STUSAB,REGIONA,DIVISIONA,STATEA,COUNTYA,COUSUBA,PLACEA,AIANHHA,ANRCA,CBSA,CBSAA,CSAA,METDIV,METDIVA,NECTAA,CNECTAA,NECTADIVA,UAA,CDCURRA,SDELMA,SDSECA,SDUNIA,PCI,PUMAA,GEOID,NAME_E,I25E001,NAME_M,I25M001
"G1446014484","2010","US",,,,,,,,,"Boston-Cambridge-Quincy, MA-NH Metro Area","14460",,"Boston-Quincy, MA Metro Division","14484",,,,,,,,,,,"31400US1446014484","Boston-Quincy, MA Metro Division; Boston-Cambridge-Quincy, MA-NH Metro Area",65129,"Boston-Quincy, MA Metro Division; Boston-Cambridge-Quincy, MA-NH Metro Area",1208
"G1446015764","2010","US",,,,,,,,,"Boston-Cambridge-Quincy, MA-NH Metro Area","14460",,"Cambridge-Newton-Framingham, MA Metro Division","15764",,,,,,,,,,,"31400US1446015764","Cambridge-Newton-Framingham, MA Metro Division; Boston-Cambridge-Quincy, MA-NH Metro Area",75534,"Cambridge-Newton-Framingham, MA Metro Division; Boston-Cambridge-Quincy, MA-NH Metro Area",1429
"G1446037764","2010","US",,,,,,,,,"Boston-Cambridge-Quincy, MA-NH Metro Area","14460",,"Peabody, MA Metro Division","37764",,,,,,,,,,,"31400US1446037764","Peabody, MA Metro Division; Boston-Cambridge-Quincy, MA-NH Metro Area",61789,"Peabody, MA Metro Division; Boston-Cambridge-Quincy, MA-NH Metro Area",1638
"G1446040484","2010","US",,,,,,,,,"Boston-Cambridge-Quincy, MA-NH Metro Area","14460",,"Rockingham County-Strafford County, NH Metro Division","40484",,,,,,,,,,,"31400US1446040484","Rockingham County-Strafford County, NH Metro Division; Boston-Cambridge-Quincy, MA-NH Metro Area",67285,"Rockingham County-Strafford County, NH Metro Division; Boston-Cambridge-Quincy, MA-NH Metro Area",2584
"G1698016974","2010","US",,,,,,,,,"Chicago-Joliet-Naperville, IL-IN-WI Metro Area","16980",,"Chicago-Joliet-Naperville, IL Metro Division","16974",,,,,,,,,,,"31400US1698016974","Chicago-Joliet-Naperville, IL Metro Division; Chicago-Joliet-Naperville, IL-IN-WI Metro Area",57108,"Chicago-Joliet-Naperville, IL Metro Division; Chicago-Joliet-Naperville, IL-IN-WI Metro Area",506
"G1698023844","2010","US",,,,,,,,,"Chicago-Joliet-Naperville, IL-IN-WI Metro Area","16980",,"Gary, IN Metro Division","23844",,,,,,,,,,,"31400US1698023844","Gary, IN Metro Division; Chicago-Joliet-Naperville, IL-IN-WI Metro Area",48094,"Gary, IN Metro Division; Chicago-Joliet-Naperville, IL-IN-WI Metro Area",1595
"G1698029404","2010","US",,,,,,,,,"Chicago-Joliet-Naperville, IL-IN-WI Metro Area","16980",,"Lake County-Kenosha County, IL-WI Metro Division","29404",,,,,,,,,,,"31400US1698029404","Lake County-Kenosha County, IL-WI Metro Division; Chicago-Joliet-Naperville, IL-IN-WI Metro Area",67845,"Lake County-Kenosha County, IL-WI Metro Division; Chicago-Joliet-Naperville, IL-IN-WI Metro Area",2363
"G1910019124","2010","US",,,,,,,,,"Dallas-Fort Worth-Arlington, TX Metro Area","19100",,"Dallas-Plano-Irving, TX Metro Division","19124",,,,,,,,,,,"31400US1910019124","Dallas-Plano-Irving, TX Metro Division; Dallas-Fort Worth-Arlington, TX Metro Area",55572,"Dallas-Plano-Irving, TX Metro Division; Dallas-Fort Worth-Arlington, TX Metro Area",657
"G1910023104","2010","US",,,,,,,,,"Dallas-Fort Worth-Arlington, TX Metro Area","19100",,"Fort Worth-Arlington, TX Metro Division","23104",,,,,,,,,,,"31400US1910023104","Fort Worth-Arlington, TX Metro Division; Dallas-Fort Worth-Arlington, TX Metro Area",52379,"Fort Worth-Arlington, TX Metro Division; Dallas-Fort Worth-Arlington, TX Metro Area",987
"G1982019804","2010","US",,,,,,,,,"Detroit-Warren-Livonia, MI Metro Area","19820",,"Detroit-Livonia-Dearborn, MI Metro Division","19804",,,,,,,,,,,"31400US1982019804","Detroit-Livonia-Dearborn, MI Metro Division; Detroit-Warren-Livonia, MI Metro Area",39408,"Detroit-Livonia-Dearborn, MI Metro Division; Detroit-Warren-Livonia, MI Metro Area",861
"G1982047644","2010","US",,,,,,,,,"Detroit-Warren-Livonia, MI Metro Area","19820",,"Warren-Troy-Farmington Hills, MI Metro Division","47644",,,,,,,,,,,"31400US1982047644","Warren-Troy-Farmington Hills, MI Metro Division; Detroit-Warren-Livonia, MI Metro Area",54476,"Warren-Troy-Farmington Hills, MI Metro Division; Detroit-Warren-Livonia, MI Metro Area",809
"G3110031084","2010","US",,,,,,,,,"Los Angeles-Long Beach-Santa Ana, CA Metro Area","31100",,"Los Angeles-Long Beach-Glendale, CA Metro Division","31084",,,,,,,,,,,"31400US3110031084","Los Angeles-Long Beach-Glendale, CA Metro Division; Los Angeles-Long Beach-Santa Ana, CA Metro Area",52684,"Los Angeles-Long Beach-Glendale, CA Metro Division; Los Angeles-Long Beach-Santa Ana, CA Metro Area",621
"G3110042044","2010","US",,,,,,,,,"Los Angeles-Long Beach-Santa Ana, CA Metro Area","31100",,"Santa Ana-Anaheim-Irvine, CA Metro Division","42044",,,,,,,,,,,"31400US3110042044","Santa Ana-Anaheim-Irvine, CA Metro Division; Los Angeles-Long Beach-Santa Ana, CA Metro Area",70880,"Santa Ana-Anaheim-Irvine, CA Metro Division; Los Angeles-Long Beach-Santa Ana, CA Metro Area",901
"G3310022744","2010","US",,,,,,,,,"Miami-Fort Lauderdale-Pompano Beach, FL Metro Area","33100",,"Fort Lauderdale-Pompano Beach-Deerfield Beach, FL Metro Division","22744",,,,,,,,,,,"31400US3310022744","Fort Lauderdale-Pompano Beach-Deerfield Beach, FL Metro Division; Miami-Fort Lauderdale-Pompano Beach, FL Metro Area",48063,"Fort Lauderdale-Pompano Beach-Deerfield Beach, FL Metro Division; Miami-Fort Lauderdale-Pompano Beach, FL Metro Area",1246
"G3310033124","2010","US",,,,,,,,,"Miami-Fort Lauderdale-Pompano Beach, FL Metro Area","33100",,"Miami-Miami Beach-Kendall, FL Metro Division","33124",,,,,,,,,,,"31400US3310033124","Miami-Miami Beach-Kendall, FL Metro Division; Miami-Fort Lauderdale-Pompano Beach, FL Metro Area",40219,"Miami-Miami Beach-Kendall, FL Metro Division; Miami-Fort Lauderdale-Pompano Beach, FL Metro Area",704
"G3310048424","2010","US",,,,,,,,,"Miami-Fort Lauderdale-Pompano Beach, FL Metro Area","33100",,"West Palm Beach-Boca Raton-Boynton Beach, FL Metro Division","48424",,,,,,,,,,,"31400US3310048424","West Palm Beach-Boca Raton-Boynton Beach, FL Metro Division; Miami-Fort Lauderdale-Pompano Beach, FL Metro Area",49879,"West Palm Beach-Boca Raton-Boynton Beach, FL Metro Division; Miami-Fort Lauderdale-Pompano Beach, FL Metro Area",1298
"G3562020764","2010","US",,,,,,,,,"New York-Northern New Jersey-Long Island, NY-NJ-PA Metro Area","35620",,"Edison-New Brunswick, NJ Metro Division","20764",,,,,,,,,,,"31400US3562020764","Edison-New Brunswick, NJ Metro Division; New York-Northern New Jersey-Long Island, NY-NJ-PA Metro Area",74819,"Edison-New Brunswick, NJ Metro Division; New York-Northern New Jersey-Long Island, NY-NJ-PA Metro Area",1326
"G3562035004","2010","US",,,,,,,,,"New York-Northern New Jersey-Long Island, NY-NJ-PA Metro Area","35620",,"Nassau-Suffolk, NY Metro Division","35004",,,,,,,,,,,"31400US3562035004","Nassau-Suffolk, NY Metro Division; New York-Northern New Jersey-Long Island, NY-NJ-PA Metro Area",85900,"Nassau-Suffolk, NY Metro Division; New York-Northern New Jersey-Long Island, NY-NJ-PA Metro Area",1180
"G3562035084","2010","US",,,,,,,,,"New York-Northern New Jersey-Long Island, NY-NJ-PA Metro Area","35620",,"Newark-Union, NJ-PA Metro Division","35084",,,,,,,,,,,"31400US3562035084","Newark-Union, NJ-PA Metro Division; New York-Northern New Jersey-Long Island, NY-NJ-PA Metro Area",68849,"Newark-Union, NJ-PA Metro Division; New York-Northern New Jersey-Long Island, NY-NJ-PA Metro Area",1360
"G3562035644","2010","US",,,,,,,,,"New York-Northern New Jersey-Long Island, NY-NJ-PA Metro Area","35620",,"New York-White Plains-Wayne, NY-NJ Metro Division","35644",,,,,,,,,,,"31400US3562035644","New York-White Plains-Wayne, NY-NJ Metro Division; New York-Northern New Jersey-Long Island, NY-NJ-PA Metro Area",53540,"New York-White Plains-Wayne, NY-NJ Metro Division; New York-Northern New Jersey-Long Island, NY-NJ-PA Metro Area",581
"G3798015804","2010","US",,,,,,,,,"Philadelphia-Camden-Wilmington, PA-NJ-DE-MD Metro Area","37980",,"Camden, NJ Metro Division","15804",,,,,,,,,,,"31400US3798015804","Camden, NJ Metro Division; Philadelphia-Camden-Wilmington, PA-NJ-DE-MD Metro Area",66313,"Camden, NJ Metro Division; Philadelphia-Camden-Wilmington, PA-NJ-DE-MD Metro Area",1240
"G3798037964","2010","US",,,,,,,,,"Philadelphia-Camden-Wilmington, PA-NJ-DE-MD Metro Area","37980",,"Philadelphia, PA Metro Division","37964",,,,,,,,,,,"31400US3798037964","Philadelphia, PA Metro Division; Philadelphia-Camden-Wilmington, PA-NJ-DE-MD Metro Area",55389,"Philadelphia, PA Metro Division; Philadelphia-Camden-Wilmington, PA-NJ-DE-MD Metro Area",672
"G3798048864","2010","US",,,,,,,,,"Philadelphia-Camden-Wilmington, PA-NJ-DE-MD Metro Area","37980",,"Wilmington, DE-MD-NJ Metro Division","48864",,,,,,,,,,,"31400US3798048864","Wilmington, DE-MD-NJ Metro Division; Philadelphia-Camden-Wilmington, PA-NJ-DE-MD Metro Area",59927,"Wilmington, DE-MD-NJ Metro Division; Philadelphia-Camden-Wilmington, PA-NJ-DE-MD Metro Area",1794
"G4186036084","2010","US",,,,,,,,,"San Francisco-Oakland-Fremont, CA Metro Area","41860",,"Oakland-Fremont-Hayward, CA Metro Division","36084",,,,,,,,,,,"31400US4186036084","Oakland-Fremont-Hayward, CA Metro Division; San Francisco-Oakland-Fremont, CA Metro Area",70415,"Oakland-Fremont-Hayward, CA Metro Division; San Francisco-Oakland-Fremont, CA Metro Area",937
"G4186041884","2010","US",,,,,,,,,"San Francisco-Oakland-Fremont, CA Metro Area","41860",,"San Francisco-San Mateo-Redwood City, CA Metro Division","41884",,,,,,,,,,,"31400US4186041884","San Francisco-San Mateo-Redwood City, CA Metro Division; San Francisco-Oakland-Fremont, CA Metro Area",78247,"San Francisco-San Mateo-Redwood City, CA Metro Division; San Francisco-Oakland-Fremont, CA Metro Area",1810
"G4266042644","2010","US",,,,,,,,,"Seattle-Tacoma-Bellevue, WA Metro Area","42660",,"Seattle-Bellevue-Everett, WA Metro Division","42644",,,,,,,,,,,"31400US4266042644","Seattle-Bellevue-Everett, WA Metro Division; Seattle-Tacoma-Bellevue, WA Metro Area",65552,"Seattle-Bellevue-Everett, WA Metro Division; Seattle-Tacoma-Bellevue, WA Metro Area",796
"G4266045104","2010","US",,,,,,,,,"Seattle-Tacoma-Bellevue, WA Metro Area","42660",,"Tacoma, WA Metro Division","45104",,,,,,,,,,,"31400US4266045104","Tacoma, WA Metro Division; Seattle-Tacoma-Bellevue, WA Metro Area",56510,"Tacoma, WA Metro Division; Seattle-Tacoma-Bellevue, WA Metro Area",1492
"G4790013644","2010","US",,,,,,,,,"Washington-Arlington-Alexandria, DC-VA-MD-WV Metro Area","47900",,"Bethesda-Rockville-Frederick, MD Metro Division","13644",,,,,,,,,,,"31400US4790013644","Bethesda-Rockville-Frederick, MD Metro Division; Washington-Arlington-Alexandria, DC-VA-MD-WV Metro Area",87595,"Bethesda-Rockville-Frederick, MD Metro Division; Washington-Arlington-Alexandria, DC-VA-MD-WV Metro Area",2029
"G4790047894","2010","US",,,,,,,,,"Washington-Arlington-Alexandria, DC-VA-MD-WV Metro Area","47900",,"Washington-Arlington-Alexandria, DC-VA-MD-WV Metro Division","47894",,,,,,,,,,,"31400US4790047894","Washington-Arlington-Alexandria, DC-VA-MD-WV Metro Division; Washington-Arlington-Alexandria, DC-VA-MD-WV Metro Area",83429,"Washington-Arlington-Alexandria, DC-VA-MD-WV Metro Division; Washington-Arlington-Alexandria, DC-VA-MD-WV Metro Area",1268
