GISJOIN,YEAR,STUSAB,REGIONA,DIVISIONA,STATE,STATEA,COUNTY,COUNTYA,COUSUB,COUSUBA,PLACEA,AIANHHA,ANRCA,CBSAA,CSAA,METDIVA,NECTAA,CNECTAA,NECTADIVA,UAA,CDCURRA,SDELMA,SDSECA,SDUNIA,PCI,PUMAA,GEOID,NAME_E,I25E001,NAME_M,I25M001
"G090001008070","2010","CT",,,"Connecticut","09","Fairfield County","001","Bridgeport town","08070",,,,,,,,,,,,,,,,,"06000US0900108070","Bridgeport town, Fairfield County, Connecticut",38919,"Bridgeport town, Fairfield County, Connecticut",4658
"G090001018500","2010","CT",,,"Connecticut","09","Fairfield County","001","Danbury town","18500",,,,,,,,,,,,,,,,,"06000US0900118500","Danbury town, Fairfield County, Connecticut",58124,"Danbury town, Fairfield County, Connecticut",5736
"G090001056060","2010","CT",,,"Connecticut","09","Fairfield County","001","Norwalk town","56060",,,,,,,,,,,,,,,,,"06000US0900156060","Norwalk town, Fairfield County, Connecticut",67848,"Norwalk town, Fairfield County, Connecticut",6198
"G090001073070","2010","CT",,,"Connecticut","09","Fairfield County","001","Stamford town","73070",,,,,,,,,,,,,,,,,"06000US0900173070","Stamford town, Fairfield County, Connecticut",66617,"Stamford town, Fairfield County, Connecticut",5264
"G090003037070","2010","CT",,,"Connecticut","09","Hartford County","003","Hartford town","37070",,,,,,,,,,,,,,,,,"06000US0900337070","Hartford town, Hartford County, Connecticut",26499,"Hartford town, Hartford County, Connecticut",2952
"G090003050440","2010","CT",,,"Connecticut","09","Hartford County","003","New Britain town","50440",,,,,,,,,,,,,,,,,"06000US0900350440","New Britain town, Hartford County, Connecticut",36784,"New Britain town, Hartford County, Connecticut",4508
"G090009052070","2010","CT",,,"Connecticut","09","New Haven County","009","New Haven town","52070",,,,,,,,,,,,,,,,,"06000US0900952070","New Haven town, New Haven County, Connecticut",35122,"New Haven town, New Haven County, Connecticut",6095
"G090009080070","2010","CT",,,"Connecticut","09","New Haven County","009","Waterbury town","80070",,,,,,,,,,,,,,,,,"06000US0900980070","Waterbury town, New Haven County, Connecticut",38672,"Waterbury town, New Haven County, Connecticut",4573
"G170019012411","2010","IL",,,"Illinois","17","Champaign County","019","Champaign City township","12411",,,,,,,,,,,,,,,,,"06000US1701912411","Champaign City township, Champaign County, Illinois",40277,"Champaign City township, Champaign County, Illinois",5383
"G170031006561","2010","IL",,,"Illinois","17","Cook County","031","Bloom township","06561",,,,,,,,,,,,,,,,,"06000US1703106561","Bloom township, Cook County, Illinois",51589,"Bloom township, Cook County, Illinois",4897
"G170031007939","2010","IL",,,"Illinois","17","Cook County","031","Bremen township","07939",,,,,,,,,,,,,,,,,"06000US1703107939","Bremen township, Cook County, Illinois",53558,"Bremen township, Cook County, Illinois",5855
"G170031014000","2010","IL",,,"Illinois","17","Cook County","031","Chicago city","14000",,,,,,,,,,,,,,,,,"06000US1703114000","Chicago city, Cook County, Illinois",44776,"Chicago city, Cook County, Illinois",912
"G170031014364","2010","IL",,,"Illinois","17","Cook County","031","Cicero township","14364",,,,,,,,,,,,,,,,,"06000US1703114364","Cicero township, Cook County, Illinois",45731,"Cicero township, Cook County, Illinois",3884
"G170031023243","2010","IL",,,"Illinois","17","Cook County","031","Elk Grove township","23243",,,,,,,,,,,,,,,,,"06000US1703123243","Elk Grove township, Cook County, Illinois",60965,"Elk Grove township, Cook County, Illinois",2604
"G170031024595","2010","IL",,,"Illinois","17","Cook County","031","Evanston township","24595",,,,,,,,,,,,,,,,,"06000US1703124595","Evanston township, Cook County, Illinois",60424,"Evanston township, Cook County, Illinois",8259
"G170031032694","2010","IL",,,"Illinois","17","Cook County","031","Hanover township","32694",,,,,,,,,,,,,,,,,"06000US1703132694","Hanover township, Cook County, Illinois",65566,"Hanover township, Cook County, Illinois",5688
"G170031043120","2010","IL",,,"Illinois","17","Cook County","031","Leyden township","43120",,,,,,,,,,,,,,,,,"06000US1703143120","Leyden township, Cook County, Illinois",46895,"Leyden township, Cook County, Illinois",6456
"G170031045447","2010","IL",,,"Illinois","17","Cook County","031","Lyons township","45447",,,,,,,,,,,,,,,,,"06000US1703145447","Lyons township, Cook County, Illinois",60753,"Lyons township, Cook County, Illinois",3351
"G170031046162","2010","IL",,,"Illinois","17","Cook County","031","Maine township","46162",,,,,,,,,,,,,,,,,"06000US1703146162","Maine township, Cook County, Illinois",60157,"Maine township, Cook County, Illinois",3255
"G170031053013","2010","IL",,,"Illinois","17","Cook County","031","Niles township","53013",,,,,,,,,,,,,,,,,"06000US1703153013","Niles township, Cook County, Illinois",66701,"Niles township, Cook County, Illinois",4866
"G170031053676","2010","IL",,,"Illinois","17","Cook County","031","Northfield township","53676",,,,,,,,,,,,,,,,,"06000US1703153676","Northfield township, Cook County, Illinois",85510,"Northfield township, Cook County, Illinois",10790
"G170031056614","2010","IL",,,"Illinois","17","Cook County","031","Orland township","56614",,,,,,,,,,,,,,,,,"06000US1703156614","Orland township, Cook County, Illinois",75990,"Orland township, Cook County, Illinois",9636
"G170031057238","2010","IL",,,"Illinois","17","Cook County","031","Palatine township","57238",,,,,,,,,,,,,,,,,"06000US1703157238","Palatine township, Cook County, Illinois",69787,"Palatine township, Cook County, Illinois",4231
"G170031062133","2010","IL",,,"Illinois","17","Cook County","031","Proviso township","62133",,,,,,,,,,,,,,,,,"06000US1703162133","Proviso township, Cook County, Illinois",50072,"Proviso township, Cook County, Illinois",2887
"G170031063498","2010","IL",,,"Illinois","17","Cook County","031","Rich township","63498",,,,,,,,,,,,,,,,,"06000US1703163498","Rich township, Cook County, Illinois",61681,"Rich township, Cook County, Illinois",5035
"G170031068016","2010","IL",,,"Illinois","17","Cook County","031","Schaumburg township","68016",,,,,,,,,,,,,,,,,"06000US1703168016","Schaumburg township, Cook County, Illinois",62922,"Schaumburg township, Cook County, Illinois",4203
"G170031075198","2010","IL",,,"Illinois","17","Cook County","031","Thornton township","75198",,,,,,,,,,,,,,,,,"06000US1703175198","Thornton township, Cook County, Illinois",42087,"Thornton township, Cook County, Illinois",2681
"G170031081100","2010","IL",,,"Illinois","17","Cook County","031","Wheeling township","81100",,,,,,,,,,,,,,,,,"06000US1703181100","Wheeling township, Cook County, Illinois",65441,"Wheeling township, Cook County, Illinois",2877
"G170031083531","2010","IL",,,"Illinois","17","Cook County","031","Worth township","83531",,,,,,,,,,,,,,,,,"06000US1703183531","Worth township, Cook County, Illinois",56848,"Worth township, Cook County, Illinois",4436
"G170043000250","2010","IL",,,"Illinois","17","DuPage County","043","Addison township","00250",,,,,,,,,,,,,,,,,"06000US1704300250","Addison township, DuPage County, Illinois",60222,"Addison township, DuPage County, Illinois",6690
"G170043006600","2010","IL",,,"Illinois","17","DuPage County","043","Bloomingdale township","06600",,,,,,,,,,,,,,,,,"06000US1704306600","Bloomingdale township, DuPage County, Illinois",61517,"Bloomingdale township, DuPage County, Illinois",4029
"G170043020604","2010","IL",,,"Illinois","17","DuPage County","043","Downers Grove township","20604",,,,,,,,,,,,,,,,,"06000US1704320604","Downers Grove township, DuPage County, Illinois",75743,"Downers Grove township, DuPage County, Illinois",5198
"G170043043952","2010","IL",,,"Illinois","17","DuPage County","043","Lisle township","43952",,,,,,,,,,,,,,,,,"06000US1704343952","Lisle township, DuPage County, Illinois",78363,"Lisle township, DuPage County, Illinois",3397
"G170043049451","2010","IL",,,"Illinois","17","DuPage County","043","Milton township","49451",,,,,,,,,,,,,,,,,"06000US1704349451","Milton township, DuPage County, Illinois",77126,"Milton township, DuPage County, Illinois",6352
"G170043051635","2010","IL",,,"Illinois","17","DuPage County","043","Naperville township","51635",,,,,,,,,,,,,,,,,"06000US1704351635","Naperville township, DuPage County, Illinois",80548,"Naperville township, DuPage County, Illinois",3799
"G170043079410","2010","IL",,,"Illinois","17","DuPage County","043","Wayne township","79410",,,,,,,,,,,,,,,,,"06000US1704379410","Wayne township, DuPage County, Illinois",87763,"Wayne township, DuPage County, Illinois",6276
"G170043083947","2010","IL",,,"Illinois","17","DuPage County","043","York township","83947",,,,,,,,,,,,,,,,,"06000US1704383947","York township, DuPage County, Illinois",69226,"York township, DuPage County, Illinois",7909
"G170089003025","2010","IL",,,"Illinois","17","Kane County","089","Aurora township","03025",,,,,,,,,,,,,,,,,"06000US1708903025","Aurora township, Kane County, Illinois",45352,"Aurora township, Kane County, Illinois",3675
"G170089021046","2010","IL",,,"Illinois","17","Kane County","089","Dundee township","21046",,,,,,,,,,,,,,,,,"06000US1708921046","Dundee township, Kane County, Illinois",71533,"Dundee township, Kane County, Illinois",8000
"G170089023087","2010","IL",,,"Illinois","17","Kane County","089","Elgin township","23087",,,,,,,,,,,,,,,,,"06000US1708923087","Elgin township, Kane County, Illinois",54511,"Elgin township, Kane County, Illinois",2944
"G170097003220","2010","IL",,,"Illinois","17","Lake County","097","Avon township","03220",,,,,,,,,,,,,,,,,"06000US1709703220","Avon township, Lake County, Illinois",61438,"Avon township, Lake County, Illinois",5583
"G170097077668","2010","IL",,,"Illinois","17","Lake County","097","Vernon township","77668",,,,,,,,,,,,,,,,,"06000US1709777668","Vernon township, Lake County, Illinois",103750,"Vernon township, Lake County, Illinois",15710
"G170097079306","2010","IL",,,"Illinois","17","Lake County","097","Waukegan township","79306",,,,,,,,,,,,,,,,,"06000US1709779306","Waukegan township, Lake County, Illinois",41946,"Waukegan township, Lake County, Illinois",4334
"G170111000698","2010","IL",,,"Illinois","17","McHenry County","111","Algonquin township","00698",,,,,,,,,,,,,,,,,"06000US1711100698","Algonquin township, McHenry County, Illinois",75469,"Algonquin township, McHenry County, Illinois",5423
"G170113006639","2010","IL",,,"Illinois","17","McLean County","113","Bloomington City township","06639",,,,,,,,,,,,,,,,,"06000US1711306639","Bloomington City township, McLean County, Illinois",57151,"Bloomington City township, McLean County, Illinois",5078
"G170143059013","2010","IL",,,"Illinois","17","Peoria County","143","Peoria City township","59013",,,,,,,,,,,,,,,,,"06000US1714359013","Peoria City township, Peoria County, Illinois",45997,"Peoria City township, Peoria County, Illinois",4471
"G170167011046","2010","IL",,,"Illinois","17","Sangamon County","167","Capital township","11046",,,,,,,,,,,,,,,,,"06000US1716711046","Capital township, Sangamon County, Illinois",44744,"Capital township, Sangamon County, Illinois",3223
"G170197021241","2010","IL",,,"Illinois","17","Will County","197","Du Page township","21241",,,,,,,,,,,,,,,,,"06000US1719721241","Du Page township, Will County, Illinois",72402,"Du Page township, Will County, Illinois",9601
"G170197038583","2010","IL",,,"Illinois","17","Will County","197","Joliet township","38583",,,,,,,,,,,,,,,,,"06000US1719738583","Joliet township, Will County, Illinois",37496,"Joliet township, Will County, Illinois",4017
"G170197060300","2010","IL",,,"Illinois","17","Will County","197","Plainfield township","60300",,,,,,,,,,,,,,,,,"06000US1719760300","Plainfield township, Will County, Illinois",80638,"Plainfield township, Will County, Illinois",6557
"G170197081035","2010","IL",,,"Illinois","17","Will County","197","Wheatland township","81035",,,,,,,,,,,,,,,,,"06000US1719781035","Wheatland township, Will County, Illinois",117572,"Wheatland township, Will County, Illinois",6356
"G170201065013","2010","IL",,,"Illinois","17","Winnebago County","201","Rockford township","65013",,,,,,,,,,,,,,,,,"06000US1720165013","Rockford township, Winnebago County, Illinois",38527,"Rockford township, Winnebago County, Illinois",2879
"G180003066924","2010","IN",,,"Indiana","18","Allen County","003","St. Joseph township","66924",,,,,,,,,,,,,,,,,"06000US1800366924","St. Joseph township, Allen County, Indiana",52286,"St. Joseph township, Allen County, Indiana",3992
"G180003081620","2010","IN",,,"Indiana","18","Allen County","003","Wayne township","81620",,,,,,,,,,,,,,,,,"06000US1800381620","Wayne township, Allen County, Indiana",33146,"Wayne township, Allen County, Indiana",2264
"G180035011296","2010","IN",,,"Indiana","18","Delaware County","035","Center township","11296",,,,,,,,,,,,,,,,,"06000US1803511296","Center township, Delaware County, Indiana",29438,"Center township, Delaware County, Indiana",2436
"G180057013060","2010","IN",,,"Indiana","18","Hamilton County","057","Clay township","13060",,,,,,,,,,,,,,,,,"06000US1805713060","Clay township, Hamilton County, Indiana",102551,"Clay township, Hamilton County, Indiana",9659
"G180089009820","2010","IN",,,"Indiana","18","Lake County","089","Calumet township","09820",,,,,,,,,,,,,,,,,"06000US1808909820","Calumet township, Lake County, Indiana",29877,"Calumet township, Lake County, Indiana",2152
"G180089054414","2010","IN",,,"Indiana","18","Lake County","089","North township","54414",,,,,,,,,,,,,,,,,"06000US1808954414","North township, Lake County, Indiana",41829,"North township, Lake County, Indiana",2841
"G180089066870","2010","IN",,,"Indiana","18","Lake County","089","St. John township","66870",,,,,,,,,,,,,,,,,"06000US1808966870","St. John township, Lake County, Indiana",67463,"St. John township, Lake County, Indiana",4081
"G180097011512","2010","IN",,,"Indiana","18","Marion County","097","Center township","11512",,,,,,,,,,,,,,,,,"06000US1809711512","Center township, Marion County, Indiana",25943,"Center township, Marion County, Indiana",1428
"G180097042444","2010","IN",,,"Indiana","18","Marion County","097","Lawrence township","42444",,,,,,,,,,,,,,,,,"06000US1809742444","Lawrence township, Marion County, Indiana",48419,"Lawrence township, Marion County, Indiana",3847
"G180097059058","2010","IN",,,"Indiana","18","Marion County","097","Perry township","59058",,,,,,,,,,,,,,,,,"06000US1809759058","Perry township, Marion County, Indiana",40709,"Perry township, Marion County, Indiana",2902
"G180097059742","2010","IN",,,"Indiana","18","Marion County","097","Pike township","59742",,,,,,,,,,,,,,,,,"06000US1809759742","Pike township, Marion County, Indiana",42083,"Pike township, Marion County, Indiana",3701
"G180097080144","2010","IN",,,"Indiana","18","Marion County","097","Warren township","80144",,,,,,,,,,,,,,,,,"06000US1809780144","Warren township, Marion County, Indiana",39933,"Warren township, Marion County, Indiana",2960
"G180097080792","2010","IN",,,"Indiana","18","Marion County","097","Washington township","80792",,,,,,,,,,,,,,,,,"06000US1809780792","Washington township, Marion County, Indiana",46258,"Washington township, Marion County, Indiana",2935
"G180097081800","2010","IN",,,"Indiana","18","Marion County","097","Wayne township","81800",,,,,,,,,,,,,,,,,"06000US1809781800","Wayne township, Marion County, Indiana",31141,"Wayne township, Marion County, Indiana",2210
"G180141058734","2010","IN",,,"Indiana","18","St. Joseph County","141","Penn township","58734",,,,,,,,,,,,,,,,,"06000US1814158734","Penn township, St. Joseph County, Indiana",40438,"Penn township, St. Joseph County, Indiana",3165
"G180141061128","2010","IN",,,"Indiana","18","St. Joseph County","141","Portage township","61128",,,,,,,,,,,,,,,,,"06000US1814161128","Portage township, St. Joseph County, Indiana",31021,"Portage township, St. Joseph County, Indiana",2154
"G180163040212","2010","IN",,,"Indiana","18","Vanderburgh County","163","Knight township","40212",,,,,,,,,,,,,,,,,"06000US1816340212","Knight township, Vanderburgh County, Indiana",34644,"Knight township, Vanderburgh County, Indiana",2441
"G200045038900","2010","KS",,,"Kansas","20","Douglas County","045","Lawrence city","38900",,,,,,,,,,,,,,,,,"06000US2004538900","Lawrence city, Douglas County, Kansas",45471,"Lawrence city, Douglas County, Kansas",3847
"G200091052575","2010","KS",,,"Kansas","20","Johnson County","091","Olathe city","52575",,,,,,,,,,,,,,,,,"06000US2009152575","Olathe city, Johnson County, Kansas",69687,"Olathe city, Johnson County, Kansas",3465
"G200091053775","2010","KS",,,"Kansas","20","Johnson County","091","Overland Park city","53775",,,,,,,,,,,,,,,,,"06000US2009153775","Overland Park city, Johnson County, Kansas",69490,"Overland Park city, Johnson County, Kansas",3648
"G200173079000","2010","KS",,,"Kansas","20","Sedgwick County","173","Wichita city","79000",,,,,,,,,,,,,,,,,"06000US2017379000","Wichita city, Sedgwick County, Kansas",42694,"Wichita city, Sedgwick County, Kansas",1852
"G200177071000","2010","KS",,,"Kansas","20","Shawnee County","177","Topeka city","71000",,,,,,,,,,,,,,,,,"06000US2017771000","Topeka city, Shawnee County, Kansas",37001,"Topeka city, Shawnee County, Kansas",2588
"G200209036000","2010","KS",,,"Kansas","20","Wyandotte County","209","Kansas City city","36000",,,,,,,,,,,,,,,,,"06000US2020936000","Kansas City city, Wyandotte County, Kansas",36677,"Kansas City city, Wyandotte County, Kansas",2445
"G230005060545","2010","ME",,,"Maine","23","Cumberland County","005","Portland city","60545",,,,,,,,,,,,,,,,,"06000US2300560545","Portland city, Cumberland County, Maine",45525,"Portland city, Cumberland County, Maine",6574
"G250005023000","2010","MA",,,"Massachusetts","25","Bristol County","005","Fall River city","23000",,,,,,,,,,,,,,,,,"06000US2500523000","Fall River city, Bristol County, Massachusetts",30720,"Fall River city, Bristol County, Massachusetts",2328
"G250005045000","2010","MA",,,"Massachusetts","25","Bristol County","005","New Bedford city","45000",,,,,,,,,,,,,,,,,"06000US2500545000","New Bedford city, Bristol County, Massachusetts",31616,"New Bedford city, Bristol County, Massachusetts",3338
"G250009034550","2010","MA",,,"Massachusetts","25","Essex County","009","Lawrence city","34550",,,,,,,,,,,,,,,,,"06000US2500934550","Lawrence city, Essex County, Massachusetts",31459,"Lawrence city, Essex County, Massachusetts",4884
"G250009037490","2010","MA",,,"Massachusetts","25","Essex County","009","Lynn city","37490",,,,,,,,,,,,,,,,,"06000US2500937490","Lynn city, Essex County, Massachusetts",42468,"Lynn city, Essex County, Massachusetts",6777
"G250013067000","2010","MA",,,"Massachusetts","25","Hampden County","013","Springfield city","67000",,,,,,,,,,,,,,,,,"06000US2501367000","Springfield city, Hampden County, Massachusetts",35236,"Springfield city, Hampden County, Massachusetts",2492
"G250017011000","2010","MA",,,"Massachusetts","25","Middlesex County","017","Cambridge city","11000",,,,,,,,,,,,,,,,,"06000US2501711000","Cambridge city, Middlesex County, Massachusetts",64790,"Cambridge city, Middlesex County, Massachusetts",5017
"G250017024925","2010","MA",,,"Massachusetts","25","Middlesex County","017","Framingham town","24925",,,,,,,,,,,,,,,,,"06000US2501724925","Framingham town, Middlesex County, Massachusetts",73137,"Framingham town, Middlesex County, Massachusetts",13165
"G250017037000","2010","MA",,,"Massachusetts","25","Middlesex County","017","Lowell city","37000",,,,,,,,,,,,,,,,,"06000US2501737000","Lowell city, Middlesex County, Massachusetts",51528,"Lowell city, Middlesex County, Massachusetts",3116
"G250017045560","2010","MA",,,"Massachusetts","25","Middlesex County","017","Newton city","45560",,,,,,,,,,,,,,,,,"06000US2501745560","Newton city, Middlesex County, Massachusetts",104486,"Newton city, Middlesex County, Massachusetts",10012
"G250017062535","2010","MA",,,"Massachusetts","25","Middlesex County","017","Somerville city","62535",,,,,,,,,,,,,,,,,"06000US2501762535","Somerville city, Middlesex County, Massachusetts",54491,"Somerville city, Middlesex County, Massachusetts",5246
"G250021055745","2010","MA",,,"Massachusetts","25","Norfolk County","021","Quincy city","55745",,,,,,,,,,,,,,,,,"06000US2502155745","Quincy city, Norfolk County, Massachusetts",55735,"Quincy city, Norfolk County, Massachusetts",5806
"G250023009000","2010","MA",,,"Massachusetts","25","Plymouth County","023","Brockton city","09000",,,,,,,,,,,,,,,,,"06000US2502309000","Brockton city, Plymouth County, Massachusetts",47472,"Brockton city, Plymouth County, Massachusetts",5052
"G250025007000","2010","MA",,,"Massachusetts","25","Suffolk County","025","Boston city","07000",,,,,,,,,,,,,,,,,"06000US2502507000","Boston city, Suffolk County, Massachusetts",49893,"Boston city, Suffolk County, Massachusetts",2442
"G250027082000","2010","MA",,,"Massachusetts","25","Worcester County","027","Worcester city","82000",,,,,,,,,,,,,,,,,"06000US2502782000","Worcester city, Worcester County, Massachusetts",42887,"Worcester city, Worcester County, Massachusetts",3929
"G260049029000","2010","MI",,,"Michigan","26","Genesee County","049","Flint city","29000",,,,,,,,,,,,,,,,,"06000US2604929000","Flint city, Genesee County, Michigan",22672,"Flint city, Genesee County, Michigan",3798
"G260065046000","2010","MI",,,"Michigan","26","Ingham County","065","Lansing city","46000",,,,,,,,,,,,,,,,,"06000US2606546000","Lansing city, Ingham County, Michigan",35142,"Lansing city, Ingham County, Michigan",2250
"G260077042160","2010","MI",,,"Michigan","26","Kalamazoo County","077","Kalamazoo city","42160",,,,,,,,,,,,,,,,,"06000US2607742160","Kalamazoo city, Kalamazoo County, Michigan",31421,"Kalamazoo city, Kalamazoo County, Michigan",2464
"G260081034000","2010","MI",,,"Michigan","26","Kent County","081","Grand Rapids city","34000",,,,,,,,,,,,,,,,,"06000US2608134000","Grand Rapids city, Kent County, Michigan",36128,"Grand Rapids city, Kent County, Michigan",2256
"G260081088940","2010","MI",,,"Michigan","26","Kent County","081","Wyoming city","88940",,,,,,,,,,,,,,,,,"06000US2608188940","Wyoming city, Kent County, Michigan",40454,"Wyoming city, Kent County, Michigan",2885
"G260099016520","2010","MI",,,"Michigan","26","Macomb County","099","Clinton charter township","16520",,,,,,,,,,,,,,,,,"06000US2609916520","Clinton charter township, Macomb County, Michigan",44527,"Clinton charter township, Macomb County, Michigan",3644
"G260099050480","2010","MI",,,"Michigan","26","Macomb County","099","Macomb township","50480",,,,,,,,,,,,,,,,,"06000US2609950480","Macomb township, Macomb County, Michigan",81563,"Macomb township, Macomb County, Michigan",9612
"G260099072820","2010","MI",,,"Michigan","26","Macomb County","099","Shelby charter township","72820",,,,,,,,,,,,,,,,,"06000US2609972820","Shelby charter township, Macomb County, Michigan",56276,"Shelby charter township, Macomb County, Michigan",5984
"G260099076460","2010","MI",,,"Michigan","26","Macomb County","099","Sterling Heights city","76460",,,,,,,,,,,,,,,,,"06000US2609976460","Sterling Heights city, Macomb County, Michigan",53390,"Sterling Heights city, Macomb County, Michigan",3132
"G260099084000","2010","MI",,,"Michigan","26","Macomb County","099","Warren city","84000",,,,,,,,,,,,,,,,,"06000US2609984000","Warren city, Macomb County, Michigan",41587,"Warren city, Macomb County, Michigan",2755
"G260125027440","2010","MI",,,"Michigan","26","Oakland County","125","Farmington Hills city","27440",,,,,,,,,,,,,,,,,"06000US2612527440","Farmington Hills city, Oakland County, Michigan",60562,"Farmington Hills city, Oakland County, Michigan",2985
"G260125069035","2010","MI",,,"Michigan","26","Oakland County","125","Rochester Hills city","69035",,,,,,,,,,,,,,,,,"06000US2612569035","Rochester Hills city, Oakland County, Michigan",68386,"Rochester Hills city, Oakland County, Michigan",6827
"G260125074900","2010","MI",,,"Michigan","26","Oakland County","125","Southfield city","74900",,,,,,,,,,,,,,,,,"06000US2612574900","Southfield city, Oakland County, Michigan",47197,"Southfield city, Oakland County, Michigan",3802
"G260125080700","2010","MI",,,"Michigan","26","Oakland County","125","Troy city","80700",,,,,,,,,,,,,,,,,"06000US2612580700","Troy city, Oakland County, Michigan",77827,"Troy city, Oakland County, Michigan",3351
"G260125084240","2010","MI",,,"Michigan","26","Oakland County","125","Waterford charter township","84240",,,,,,,,,,,,,,,,,"06000US2612584240","Waterford charter township, Oakland County, Michigan",57949,"Waterford charter township, Oakland County, Michigan",4206
"G260161003000","2010","MI",,,"Michigan","26","Washtenaw County","161","Ann Arbor city","03000",,,,,,,,,,,,,,,,,"06000US2616103000","Ann Arbor city, Washtenaw County, Michigan",52711,"Ann Arbor city, Washtenaw County, Michigan",2715
"G260163013120","2010","MI",,,"Michigan","26","Wayne County","163","Canton charter township","13120",,,,,,,,,,,,,,,,,"06000US2616313120","Canton charter township, Wayne County, Michigan",71148,"Canton charter township, Wayne County, Michigan",3430
"G260163021000","2010","MI",,,"Michigan","26","Wayne County","163","Dearborn city","21000",,,,,,,,,,,,,,,,,"06000US2616321000","Dearborn city, Wayne County, Michigan",43505,"Dearborn city, Wayne County, Michigan",4259
"G260163022000","2010","MI",,,"Michigan","26","Wayne County","163","Detroit city","22000",,,,,,,,,,,,,,,,,"06000US2616322000","Detroit city, Wayne County, Michigan",25787,"Detroit city, Wayne County, Michigan",872
"G260163049000","2010","MI",,,"Michigan","26","Wayne County","163","Livonia city","49000",,,,,,,,,,,,,,,,,"06000US2616349000","Livonia city, Wayne County, Michigan",65391,"Livonia city, Wayne County, Michigan",4323
"G260163086000","2010","MI",,,"Michigan","26","Wayne County","163","Westland city","86000",,,,,,,,,,,,,,,,,"06000US2616386000","Westland city, Wayne County, Michigan",39657,"Westland city, Wayne County, Michigan",3334
"G270053006616","2010","MN",,,"Minnesota","27","Hennepin County","053","Bloomington city","06616",,,,,,,,,,,,,,,,,"06000US2705306616","Bloomington city, Hennepin County, Minnesota",56407,"Bloomington city, Hennepin County, Minnesota",2783
"G270053007966","2010","MN",,,"Minnesota","27","Hennepin County","053","Brooklyn Park city","07966",,,,,,,,,,,,,,,,,"06000US2705307966","Brooklyn Park city, Hennepin County, Minnesota",56486,"Brooklyn Park city, Hennepin County, Minnesota",9313
"G270053043000","2010","MN",,,"Minnesota","27","Hennepin County","053","Minneapolis city","43000",,,,,,,,,,,,,,,,,"06000US2705343000","Minneapolis city, Hennepin County, Minnesota",46508,"Minneapolis city, Hennepin County, Minnesota",2760
"G270053051730","2010","MN",,,"Minnesota","27","Hennepin County","053","Plymouth city","51730",,,,,,,,,,,,,,,,,"06000US2705351730","Plymouth city, Hennepin County, Minnesota",81054,"Plymouth city, Hennepin County, Minnesota",7397
"G270109054880","2010","MN",,,"Minnesota","27","Olmsted County","109","Rochester city","54880",,,,,,,,,,,,,,,,,"06000US2710954880","Rochester city, Olmsted County, Minnesota",56826,"Rochester city, Olmsted County, Minnesota",3530
"G270123058000","2010","MN",,,"Minnesota","27","Ramsey County","123","St. Paul city","58000",,,,,,,,,,,,,,,,,"06000US2712358000","St. Paul city, Ramsey County, Minnesota",44057,"St. Paul city, Ramsey County, Minnesota",3019
"G270137017000","2010","MN",,,"Minnesota","27","St. Louis County","137","Duluth city","17000",,,,,,,,,,,,,,,,,"06000US2713717000","Duluth city, St. Louis County, Minnesota",37646,"Duluth city, St. Louis County, Minnesota",3402
"G290021077236","2010","MO",,,"Missouri","29","Buchanan County","021","Washington township","77236",,,,,,,,,,,,,,,,,"06000US2902177236","Washington township, Buchanan County, Missouri",39921,"Washington township, Buchanan County, Missouri",4965
"G290047026290","2010","MO",,,"Missouri","29","Clay County","047","Gallatin township","26290",,,,,,,,,,,,,,,,,"06000US2904726290","Gallatin township, Clay County, Missouri",42245,"Gallatin township, Clay County, Missouri",3589
"G290077070009","2010","MO",,,"Missouri","29","Greene County","077","Springfield township","70009",,,,,,,,,,,,,,,,,"06000US2907770009","Springfield township, Greene County, Missouri",28697,"Springfield township, Greene County, Missouri",2020
"G290095006490","2010","MO",,,"Missouri","29","Jackson County","095","Blue township","06490",,,,,,,,,,,,,,,,,"06000US2909506490","Blue township, Jackson County, Missouri",36655,"Blue township, Jackson County, Missouri",1860
"G290095008686","2010","MO",,,"Missouri","29","Jackson County","095","Brooking township","08686",,,,,,,,,,,,,,,,,"06000US2909508686","Brooking township, Jackson County, Missouri",39510,"Brooking township, Jackson County, Missouri",5405
"G290095038054","2010","MO",,,"Missouri","29","Jackson County","095","Kaw township","38054",,,,,,,,,,,,,,,,,"06000US2909538054","Kaw township, Jackson County, Missouri",38856,"Kaw township, Jackson County, Missouri",2922
"G290095059564","2010","MO",,,"Missouri","29","Jackson County","095","Prairie township","59564",,,,,,,,,,,,,,,,,"06000US2909559564","Prairie township, Jackson County, Missouri",70571,"Prairie township, Jackson County, Missouri",8073
"G290095068438","2010","MO",,,"Missouri","29","Jackson County","095","Sni-A-Bar township","68438",,,,,,,,,,,,,,,,,"06000US2909568438","Sni-A-Bar township, Jackson County, Missouri",62856,"Sni-A-Bar township, Jackson County, Missouri",3741
"G290095077506","2010","MO",,,"Missouri","29","Jackson County","095","Washington township","77506",,,,,,,,,,,,,,,,,"06000US2909577506","Washington township, Jackson County, Missouri",40581,"Washington township, Jackson County, Missouri",4509
"G290510065000","2010","MO",,,"Missouri","29","St. Louis city","510","St. Louis city","65000",,,,,,,,,,,,,,,,,"06000US2951065000","St. Louis city, St. Louis city, Missouri",32688,"St. Louis city, St. Louis city, Missouri",1366
"G310055092237","2010","NE",,,"Nebraska","31","Douglas County","055","Omaha city","92237",,,,,,,,,,,,,,,,,"06000US3105592237","Omaha city, Douglas County, Nebraska",43813,"Omaha city, Douglas County, Nebraska",1529
"G310109091753","2010","NE",,,"Nebraska","31","Lancaster County","109","Lincoln city","91753",,,,,,,,,,,,,,,,,"06000US3110991753","Lincoln city, Lancaster County, Nebraska",47526,"Lincoln city, Lancaster County, Nebraska",2088
"G330011045140","2010","NH",,,"New Hampshire","33","Hillsborough County","011","Manchester city","45140",,,,,,,,,,,,,,,,,"06000US3301145140","Manchester city, Hillsborough County, New Hampshire",53858,"Manchester city, Hillsborough County, New Hampshire",4601
"G330011050260","2010","NH",,,"New Hampshire","33","Hillsborough County","011","Nashua city","50260",,,,,,,,,,,,,,,,,"06000US3301150260","Nashua city, Hillsborough County, New Hampshire",65135,"Nashua city, Hillsborough County, New Hampshire",6275
"G340007010000","2010","NJ",,,"New Jersey","34","Camden County","007","Camden city","10000",,,,,,,,,,,,,,,,,"06000US3400710000","Camden city, Camden County, New Jersey",28720,"Camden city, Camden County, New Jersey",3823
"G340007012280","2010","NJ",,,"New Jersey","34","Camden County","007","Cherry Hill township","12280",,,,,,,,,,,,,,,,,"06000US3400712280","Cherry Hill township, Camden County, New Jersey",76873,"Cherry Hill township, Camden County, New Jersey",5947
"G340007026760","2010","NJ",,,"New Jersey","34","Camden County","007","Gloucester township","26760",,,,,,,,,,,,,,,,,"06000US3400726760","Gloucester township, Camden County, New Jersey",68087,"Gloucester township, Camden County, New Jersey",5938
"G340013019390","2010","NJ",,,"New Jersey","34","Essex County","013","East Orange city","19390",,,,,,,,,,,,,,,,,"06000US3401319390","East Orange city, Essex County, New Jersey",36744,"East Orange city, Essex County, New Jersey",5033
"G340013051000","2010","NJ",,,"New Jersey","34","Essex County","013","Newark city","51000",,,,,,,,,,,,,,,,,"06000US3401351000","Newark city, Essex County, New Jersey",32043,"Newark city, Essex County, New Jersey",1969
"G340017036000","2010","NJ",,,"New Jersey","34","Hudson County","017","Jersey City city","36000",,,,,,,,,,,,,,,,,"06000US3401736000","Jersey City city, Hudson County, New Jersey",52950,"Jersey City city, Hudson County, New Jersey",3578
"G340017074630","2010","NJ",,,"New Jersey","34","Hudson County","017","Union City city","74630",,,,,,,,,,,,,,,,,"06000US3401774630","Union City city, Hudson County, New Jersey",40761,"Union City city, Hudson County, New Jersey",6763
"G340021029310","2010","NJ",,,"New Jersey","34","Mercer County","021","Hamilton township","29310",,,,,,,,,,,,,,,,,"06000US3402129310","Hamilton township, Mercer County, New Jersey",69217,"Hamilton township, Mercer County, New Jersey",6046
"G340021074000","2010","NJ",,,"New Jersey","34","Mercer County","021","Trenton city","74000",,,,,,,,,,,,,,,,,"06000US3402174000","Trenton city, Mercer County, New Jersey",38040,"Trenton city, Mercer County, New Jersey",4915
"G340023020230","2010","NJ",,,"New Jersey","34","Middlesex County","023","Edison township","20230",,,,,,,,,,,,,,,,,"06000US3402320230","Edison township, Middlesex County, New Jersey",86712,"Edison township, Middlesex County, New Jersey",6874
"G340023054705","2010","NJ",,,"New Jersey","34","Middlesex County","023","Old Bridge township","54705",,,,,,,,,,,,,,,,,"06000US3402354705","Old Bridge township, Middlesex County, New Jersey",82006,"Old Bridge township, Middlesex County, New Jersey",8957
"G340023082000","2010","NJ",,,"New Jersey","34","Middlesex County","023","Woodbridge township","82000",,,,,,,,,,,,,,,,,"06000US3402382000","Woodbridge township, Middlesex County, New Jersey",77303,"Woodbridge township, Middlesex County, New Jersey",6440
"G340025045990","2010","NJ",,,"New Jersey","34","Monmouth County","025","Middletown township","45990",,,,,,,,,,,,,,,,,"06000US3402545990","Middletown township, Monmouth County, New Jersey",97484,"Middletown township, Monmouth County, New Jersey",8430
"G340029007420","2010","NJ",,,"New Jersey","34","Ocean County","029","Brick township","07420",,,,,,,,,,,,,,,,,"06000US3402907420","Brick township, Ocean County, New Jersey",57044,"Brick township, Ocean County, New Jersey",4638
"G340029038550","2010","NJ",,,"New Jersey","34","Ocean County","029","Lakewood township","38550",,,,,,,,,,,,,,,,,"06000US3402938550","Lakewood township, Ocean County, New Jersey",40921,"Lakewood township, Ocean County, New Jersey",3710
"G340029073125","2010","NJ",,,"New Jersey","34","Ocean County","029","Toms River township","73125",,,,,,,,,,,,,,,,,"06000US3402973125","Toms River township, Ocean County, New Jersey",74108,"Toms River township, Ocean County, New Jersey",3510
"G340031013690","2010","NJ",,,"New Jersey","34","Passaic County","031","Clifton city","13690",,,,,,,,,,,,,,,,,"06000US3403113690","Clifton city, Passaic County, New Jersey",58716,"Clifton city, Passaic County, New Jersey",6244
"G340031056550","2010","NJ",,,"New Jersey","34","Passaic County","031","Passaic city","56550",,,,,,,,,,,,,,,,,"06000US3403156550","Passaic city, Passaic County, New Jersey",28834,"Passaic city, Passaic County, New Jersey",3126
"G340031057000","2010","NJ",,,"New Jersey","34","Passaic County","031","Paterson city","57000",,,,,,,,,,,,,,,,,"06000US3403157000","Paterson city, Passaic County, New Jersey",32068,"Paterson city, Passaic County, New Jersey",2935
"G340039021000","2010","NJ",,,"New Jersey","34","Union County","039","Elizabeth city","21000",,,,,,,,,,,,,,,,,"06000US3403921000","Elizabeth city, Union County, New Jersey",43891,"Elizabeth city, Union County, New Jersey",2887
"G360001001000","2010","NY",,,"New York","36","Albany County","001","Albany city","01000",,,,,,,,,,,,,,,,,"06000US3600101000","Albany city, Albany County, New York",33050,"Albany city, Albany County, New York",4022
"G360001017343","2010","NY",,,"New York","36","Albany County","001","Colonie town","17343",,,,,,,,,,,,,,,,,"06000US3600117343","Colonie town, Albany County, New York",67700,"Colonie town, Albany County, New York",5286
"G360005008510","2010","NY",,,"New York","36","Bronx County","005","Bronx borough","08510",,,,,,,,,,,,,,,,,"06000US3600508510","Bronx borough, Bronx County, New York",32568,"Bronx borough, Bronx County, New York",1393
"G360029002000","2010","NY",,,"New York","36","Erie County","029","Amherst town","02000",,,,,,,,,,,,,,,,,"06000US3602902000","Amherst town, Erie County, New York",63359,"Amherst town, Erie County, New York",6144
"G360029011000","2010","NY",,,"New York","36","Erie County","029","Buffalo city","11000",,,,,,,,,,,,,,,,,"06000US3602911000","Buffalo city, Erie County, New York",28490,"Buffalo city, Erie County, New York",2374
"G360029015011","2010","NY",,,"New York","36","Erie County","029","Cheektowaga town","15011",,,,,,,,,,,,,,,,,"06000US3602915011","Cheektowaga town, Erie County, New York",45589,"Cheektowaga town, Erie County, New York",2972
"G360029075000","2010","NY",,,"New York","36","Erie County","029","Tonawanda town","75000",,,,,,,,,,,,,,,,,"06000US3602975000","Tonawanda town, Erie County, New York",50243,"Tonawanda town, Erie County, New York",4317
"G360047010022","2010","NY",,,"New York","36","Kings County","047","Brooklyn borough","10022",,,,,,,,,,,,,,,,,"06000US3604710022","Brooklyn borough, Kings County, New York",42143,"Brooklyn borough, Kings County, New York",615
"G360055030290","2010","NY",,,"New York","36","Monroe County","055","Greece town","30290",,,,,,,,,,,,,,,,,"06000US3605530290","Greece town, Monroe County, New York",51934,"Greece town, Monroe County, New York",3047
"G360055063000","2010","NY",,,"New York","36","Monroe County","055","Rochester city","63000",,,,,,,,,,,,,,,,,"06000US3605563000","Rochester city, Monroe County, New York",27711,"Rochester city, Monroe County, New York",1995
"G360059034000","2010","NY",,,"New York","36","Nassau County","059","Hempstead town","34000",,,,,,,,,,,,,,,,,"06000US3605934000","Hempstead town, Nassau County, New York",87382,"Hempstead town, Nassau County, New York",3109
"G360059053000","2010","NY",,,"New York","36","Nassau County","059","North Hempstead town","53000",,,,,,,,,,,,,,,,,"06000US3605953000","North Hempstead town, Nassau County, New York",95221,"North Hempstead town, Nassau County, New York",6554
"G360059056000","2010","NY",,,"New York","36","Nassau County","059","Oyster Bay town","56000",,,,,,,,,,,,,,,,,"06000US3605956000","Oyster Bay town, Nassau County, New York",105457,"Oyster Bay town, Nassau County, New York",5133
"G360061044919","2010","NY",,,"New York","36","New York County","061","Manhattan borough","44919",,,,,,,,,,,,,,,,,"06000US3606144919","Manhattan borough, New York County, New York",63832,"Manhattan borough, New York County, New York",2125
"G360067073000","2010","NY",,,"New York","36","Onondaga County","067","Syracuse city","73000",,,,,,,,,,,,,,,,,"06000US3606773000","Syracuse city, Onondaga County, New York",29621,"Syracuse city, Onondaga County, New York",2434
"G360081060323","2010","NY",,,"New York","36","Queens County","081","Queens borough","60323",,,,,,,,,,,,,,,,,"06000US3608160323","Queens borough, Queens County, New York",53054,"Queens borough, Queens County, New York",1310
"G360085070915","2010","NY",,,"New York","36","Richmond County","085","Staten Island borough","70915",,,,,,,,,,,,,,,,,"06000US3608570915","Staten Island borough, Richmond County, New York",70560,"Staten Island borough, Richmond County, New York",2862
"G360087015968","2010","NY",,,"New York","36","Rockland County","087","Clarkstown town","15968",,,,,,,,,,,,,,,,,"06000US3608715968","Clarkstown town, Rockland County, New York",96168,"Clarkstown town, Rockland County, New York",7928
"G360087060510","2010","NY",,,"New York","36","Rockland County","087","Ramapo town","60510",,,,,,,,,,,,,,,,,"06000US3608760510","Ramapo town, Rockland County, New York",64777,"Ramapo town, Rockland County, New York",5646
"G360093065508","2010","NY",,,"New York","36","Schenectady County","093","Schenectady city","65508",,,,,,,,,,,,,,,,,"06000US3609365508","Schenectady city, Schenectady County, New York",36232,"Schenectady city, Schenectady County, New York",2436
"G360103004000","2010","NY",,,"New York","36","Suffolk County","103","Babylon town","04000",,,,,,,,,,,,,,,,,"06000US3610304000","Babylon town, Suffolk County, New York",79329,"Babylon town, Suffolk County, New York",4625
"G360103010000","2010","NY",,,"New York","36","Suffolk County","103","Brookhaven town","10000",,,,,,,,,,,,,,,,,"06000US3610310000","Brookhaven town, Suffolk County, New York",81051,"Brookhaven town, Suffolk County, New York",1977
"G360103037000","2010","NY",,,"New York","36","Suffolk County","103","Huntington town","37000",,,,,,,,,,,,,,,,,"06000US3610337000","Huntington town, Suffolk County, New York",97315,"Huntington town, Suffolk County, New York",6593
"G360103038000","2010","NY",,,"New York","36","Suffolk County","103","Islip town","38000",,,,,,,,,,,,,,,,,"06000US3610338000","Islip town, Suffolk County, New York",76964,"Islip town, Suffolk County, New York",3833
"G360103068000","2010","NY",,,"New York","36","Suffolk County","103","Smithtown town","68000",,,,,,,,,,,,,,,,,"06000US3610368000","Smithtown town, Suffolk County, New York",102269,"Smithtown town, Suffolk County, New York",5415
"G360119030367","2010","NY",,,"New York","36","Westchester County","119","Greenburgh town","30367",,,,,,,,,,,,,,,,,"06000US3611930367","Greenburgh town, Westchester County, New York",97862,"Greenburgh town, Westchester County, New York",13289
"G360119049121","2010","NY",,,"New York","36","Westchester County","119","Mount Vernon city","49121",,,,,,,,,,,,,,,,,"06000US3611949121","Mount Vernon city, Westchester County, New York",46940,"Mount Vernon city, Westchester County, New York",4586
"G360119050617","2010","NY",,,"New York","36","Westchester County","119","New Rochelle city","50617",,,,,,,,,,,,,,,,,"06000US3611950617","New Rochelle city, Westchester County, New York",70232,"New Rochelle city, Westchester County, New York",10299
"G360119084000","2010","NY",,,"New York","36","Westchester County","119","Yonkers city","84000",,,,,,,,,,,,,,,,,"06000US3611984000","Yonkers city, Westchester County, New York",61831,"Yonkers city, Westchester County, New York",3240
"G380017025700","2010","ND",,,"North Dakota","38","Cass County","017","Fargo city","25700",,,,,,,,,,,,,,,,,"06000US3801725700","Fargo city, Cass County, North Dakota",45199,"Fargo city, Cass County, North Dakota",3221
"G390035016000","2010","OH",,,"Ohio","39","Cuyahoga County","035","Cleveland city","16000",,,,,,,,,,,,,,,,,"06000US3903516000","Cleveland city, Cuyahoga County, Ohio",25977,"Cleveland city, Cuyahoga County, Ohio",995
"G390035061000","2010","OH",,,"Ohio","39","Cuyahoga County","035","Parma city","61000",,,,,,,,,,,,,,,,,"06000US3903561000","Parma city, Cuyahoga County, Ohio",45386,"Parma city, Cuyahoga County, Ohio",4129
"G390049018000","2010","OH",,,"Ohio","39","Franklin County","049","Columbus city","18000",,,,,,,,,,,,,,,,,"06000US3904918000","Columbus city, Franklin County, Ohio",41165,"Columbus city, Franklin County, Ohio",1064
"G390061015000","2010","OH",,,"Ohio","39","Hamilton County","061","Cincinnati city","15000",,,,,,,,,,,,,,,,,"06000US3906115000","Cincinnati city, Hamilton County, Ohio",34110,"Cincinnati city, Hamilton County, Ohio",2189
"G390093044856","2010","OH",,,"Ohio","39","Lorain County","093","Lorain city","44856",,,,,,,,,,,,,,,,,"06000US3909344856","Lorain city, Lorain County, Ohio",34346,"Lorain city, Lorain County, Ohio",2457
"G390095077000","2010","OH",,,"Ohio","39","Lucas County","095","Toledo city","77000",,,,,,,,,,,,,,,,,"06000US3909577000","Toledo city, Lucas County, Ohio",31708,"Toledo city, Lucas County, Ohio",1317
"G390099088000","2010","OH",,,"Ohio","39","Mahoning County","099","Youngstown city","88000",,,,,,,,,,,,,,,,,"06000US3909988000","Youngstown city, Mahoning County, Ohio",23761,"Youngstown city, Mahoning County, Ohio",2717
"G390113021000","2010","OH",,,"Ohio","39","Montgomery County","113","Dayton city","21000",,,,,,,,,,,,,,,,,"06000US3911321000","Dayton city, Montgomery County, Ohio",28050,"Dayton city, Montgomery County, Ohio",2017
"G390151012000","2010","OH",,,"Ohio","39","Stark County","151","Canton city","12000",,,,,,,,,,,,,,,,,"06000US3915112000","Canton city, Stark County, Ohio",30232,"Canton city, Stark County, Ohio",3106
"G390153001000","2010","OH",,,"Ohio","39","Summit County","153","Akron city","01000",,,,,,,,,,,,,,,,,"06000US3915301000","Akron city, Summit County, Ohio",31171,"Akron city, Summit County, Ohio",1715
"G420003061000","2010","PA",,,"Pennsylvania","42","Allegheny County","003","Pittsburgh city","61000",,,,,,,,,,,,,,,,,"06000US4200361000","Pittsburgh city, Allegheny County, Pennsylvania",36196,"Pittsburgh city, Allegheny County, Pennsylvania",1743
"G420011063624","2010","PA",,,"Pennsylvania","42","Berks County","011","Reading city","63624",,,,,,,,,,,,,,,,,"06000US4201163624","Reading city, Berks County, Pennsylvania",25045,"Reading city, Berks County, Pennsylvania",2811
"G420045079000","2010","PA",,,"Pennsylvania","42","Delaware County","045","Upper Darby township","79000",,,,,,,,,,,,,,,,,"06000US4204579000","Upper Darby township, Delaware County, Pennsylvania",52544,"Upper Darby township, Delaware County, Pennsylvania",5583
"G420049024000","2010","PA",,,"Pennsylvania","42","Erie County","049","Erie city","24000",,,,,,,,,,,,,,,,,"06000US4204924000","Erie city, Erie County, Pennsylvania",28747,"Erie city, Erie County, Pennsylvania",2439
"G420069069000","2010","PA",,,"Pennsylvania","42","Lackawanna County","069","Scranton city","69000",,,,,,,,,,,,,,,,,"06000US4206969000","Scranton city, Lackawanna County, Pennsylvania",35596,"Scranton city, Lackawanna County, Pennsylvania",2407
"G420077002000","2010","PA",,,"Pennsylvania","42","Lehigh County","077","Allentown city","02000",,,,,,,,,,,,,,,,,"06000US4207702000","Allentown city, Lehigh County, Pennsylvania",32192,"Allentown city, Lehigh County, Pennsylvania",2875
"G420101060000","2010","PA",,,"Pennsylvania","42","Philadelphia County","101","Philadelphia city","60000",,,,,,,,,,,,,,,,,"06000US4210160000","Philadelphia city, Philadelphia County, Pennsylvania",34400,"Philadelphia city, Philadelphia County, Pennsylvania",1159
"G440003074300","2010","RI",,,"Rhode Island","44","Kent County","003","Warwick city","74300",,,,,,,,,,,,,,,,,"06000US4400374300","Warwick city, Kent County, Rhode Island",51037,"Warwick city, Kent County, Rhode Island",2710
"G440007019180","2010","RI",,,"Rhode Island","44","Providence County","007","Cranston city","19180",,,,,,,,,,,,,,,,,"06000US4400719180","Cranston city, Providence County, Rhode Island",57649,"Cranston city, Providence County, Rhode Island",8461
"G440007054640","2010","RI",,,"Rhode Island","44","Providence County","007","Pawtucket city","54640",,,,,,,,,,,,,,,,,"06000US4400754640","Pawtucket city, Providence County, Rhode Island",33904,"Pawtucket city, Providence County, Rhode Island",7210
"G440007059000","2010","RI",,,"Rhode Island","44","Providence County","007","Providence city","59000",,,,,,,,,,,,,,,,,"06000US4400759000","Providence city, Providence County, Rhode Island",37237,"Providence city, Providence County, Rhode Island",2848
"G460099059020","2010","SD",,,"South Dakota","46","Minnehaha County","099","Sioux Falls city","59020",,,,,,,,,,,,,,,,,"06000US4609959020","Sioux Falls city, Minnehaha County, South Dakota",44277,"Sioux Falls city, Minnehaha County, South Dakota",2160
"G460103052980","2010","SD",,,"South Dakota","46","Pennington County","103","Rapid City city","52980",,,,,,,,,,,,,,,,,"06000US4610352980","Rapid City city, Pennington County, South Dakota",41653,"Rapid City city, Pennington County, South Dakota",3853
"G550009031000","2010","WI",,,"Wisconsin","55","Brown County","009","Green Bay city","31000",,,,,,,,,,,,,,,,,"06000US5500931000","Green Bay city, Brown County, Wisconsin",41078,"Green Bay city, Brown County, Wisconsin",1876
"G550025048000","2010","WI",,,"Wisconsin","55","Dane County","025","Madison city","48000",,,,,,,,,,,,,,,,,"06000US5502548000","Madison city, Dane County, Wisconsin",50508,"Madison city, Dane County, Wisconsin",1861
"G550059039225","2010","WI",,,"Wisconsin","55","Kenosha County","059","Kenosha city","39225",,,,,,,,,,,,,,,,,"06000US5505939225","Kenosha city, Kenosha County, Wisconsin",42294,"Kenosha city, Kenosha County, Wisconsin",3912
"G550079053000","2010","WI",,,"Wisconsin","55","Milwaukee County","079","Milwaukee city","53000",,,,,,,,,,,,,,,,,"06000US5507953000","Milwaukee city, Milwaukee County, Wisconsin",32911,"Milwaukee city, Milwaukee County, Wisconsin",1243
"G550101066000","2010","WI",,,"Wisconsin","55","Racine County","101","Racine city","66000",,,,,,,,,,,,,,,,,"06000US5510166000","Racine city, Racine County, Wisconsin",33473,"Racine city, Racine County, Wisconsin",2549
"G550133084250","2010","WI",,,"Wisconsin","55","Waukesha County","133","Waukesha city","84250",,,,,,,,,,,,,,,,,"06000US5513384250","Waukesha city, Waukesha County, Wisconsin",53149,"Waukesha city, Waukesha County, Wisconsin",3015
"G550139060500","2010","WI",,,"Wisconsin","55","Winnebago County","139","Oshkosh city","60500",,,,,,,,,,,,,,,,,"06000US5513960500","Oshkosh city, Winnebago County, Wisconsin",41165,"Oshkosh city, Winnebago County, Wisconsin",4695
